level_1,name,relative_age,species,value
,samplesize,all,samplesize,1096062.0
,math_level,all,count,1040568.0
,math_level,all,mean,0.19151800800005378
,math_level,all,std,1.3438284382274175
,kokugo_level,all,count,1040479.0
,kokugo_level,all,mean,0.23298892741733376
,kokugo_level,all,std,1.6660080229490353
,eng_level,all,count,319100.0
,eng_level,all,mean,0.46090279615446583
,eng_level,all,std,1.344791493527019
,strategy,all,count,759068.0
,strategy,all,mean,84.76152202437726
,strategy,all,std,15.265622760741474
,selfcontrol,all,count,269793.0
,selfcontrol,all,mean,31.080424621839708
,selfcontrol,all,std,6.1289828617160715
,selfefficacy,all,count,222412.0
,selfefficacy,all,mean,25.462205276693705
,selfefficacy,all,std,6.85661018345264
,dilligence,all,count,177919.0
,dilligence,all,mean,42.537767186191466
,dilligence,all,std,8.164678053866572
,teacherrelation,all,count,1094364.0
,teacherrelation,all,mean,1.1790826527008765e-17
,teacherrelation,all,std,0.9999894915486747
,teacherrelation2,all,count,541415.0
,teacherrelation2,all,mean,0.00034448310649165125
,teacherrelation2,all,std,0.7996429650176422
,friendrelation,all,count,1095108.0
,friendrelation,all,mean,2.4101741563389183
,friendrelation,all,std,0.740017478268851
,hoursprep,all,count,803038.0
,hoursprep,all,mean,3.376865104764656
,hoursprep,all,std,3.94611139816276
,hourshome,all,count,798669.0
,hourshome,all,mean,6.2668411444540855
,hourshome,all,std,5.532993521734585
,studytime,all,count,798669.0
,studytime,all,mean,9.638791226402928
,studytime,all,std,6.403933860262656
,cram,all,count,803038.0
,cram,all,mean,0.5842923996124716
,cram,all,std,0.4928438838393025
,zmath_level,all,count,1040568.0
,zmath_level,all,mean,-3.954319921362203e-15
,zmath_level,all,std,0.9999894287843757
,zkokugo_level,all,count,1040479.0
,zkokugo_level,all,mean,-9.546609191932789e-15
,zkokugo_level,all,std,0.9999894278801247
,zeng_level,all,count,319100.0
,zeng_level,all,mean,6.778813730270098e-15
,zeng_level,all,std,0.9999905984847772
,zfriendrelation,all,count,1095108.0
,zfriendrelation,all,mean,-1.4222429904503845e-17
,zfriendrelation,all,std,0.9999894986879461
,zstrategy,all,count,759068.0
,zstrategy,all,mean,2.387359489904145e-16
,zstrategy,all,std,0.9999888019797976
,zselfcontrol,all,count,269793.0
,zselfcontrol,all,mean,1.5399497402646698e-16
,zselfcontrol,all,std,0.9999907335592589
,zselfefficacy,all,count,222412.0
,zselfefficacy,all,mean,-3.8080991179704304e-17
,zselfefficacy,all,std,0.9999910075985619
,zdilligence,all,count,177919.0
,zdilligence,all,mean,-1.5016050486221128e-17
,zdilligence,all,std,0.9999915691143282
,teacherrelation_primitive,all,count,1094364.0
,teacherrelation_primitive,all,mean,2.3805717293332016
,teacherrelation_primitive,all,std,0.7955878096735455
,teacherrelation2_primitive,all,count,541415.0
,teacherrelation2_primitive,all,mean,2.4302860713747
,teacherrelation2_primitive,all,std,0.5995138914196577
,dilligence_scaled,all,count,177919.0
,dilligence_scaled,all,mean,3.733674398937805
,dilligence_scaled,all,std,0.6280521579897363
,selfcontrol_scaled,all,count,269793.0
,selfcontrol_scaled,all,mean,2.648601758702835
,selfcontrol_scaled,all,std,0.4377844901225765
,selfefficacy_scaled,all,count,222412.0
,selfefficacy_scaled,all,mean,2.2473003769066926
,selfefficacy_scaled,all,std,0.4897578702466172
,reading_time_in_a_weekdays,all,count,212923.0
,reading_time_in_a_weekdays,all,mean,4.153210706843946
,reading_time_in_a_weekdays,all,std,3.786328003703239
,smart_phone_gaming_tv_time,all,count,277847.0
,smart_phone_gaming_tv_time,all,mean,5.091300607888514
,smart_phone_gaming_tv_time,all,std,3.3129830961294604
,lesson_time,all,count,278486.0
,lesson_time,all,mean,1.8184774099954755
,lesson_time,all,std,1.8419326762815855
,playing_sport,all,count,277756.0
,playing_sport,all,mean,3.988977735854491
,playing_sport,all,std,3.0284820453330834
,grade_6.0,all,count,0.16978145396884484
,grade_9.0,all,count,0.16950774682454095
,grade_8.0,all,count,0.1667953090244895
,grade_5.0,all,count,0.16628712609323196
,grade_4.0,all,count,0.16406006229574605
,grade_7.0,all,count,0.16356830179314674
,sex_1.0,all,count,0.5034158651609124
,sex_2.0,all,count,0.4965841348390876
,lowses_0.0,all,count,0.8910372962812049
,lowses_1.0,all,count,0.10896270371879513
,grade_rawcount_6.0,all,count,186091.0
,grade_rawcount_9.0,all,count,185791.0
,grade_rawcount_8.0,all,count,182818.0
,grade_rawcount_5.0,all,count,182261.0
,grade_rawcount_4.0,all,count,179820.0
,grade_rawcount_7.0,all,count,179281.0
0.0,samplesize,0.0,samplesize,88415.0
1.0,math_level,0.0,count,84039.0
2.0,math_level,0.0,mean,0.026793819282357002
3.0,math_level,0.0,std,1.3223306053595876
4.0,kokugo_level,0.0,count,84028.0
5.0,kokugo_level,0.0,mean,0.01233090744965964
6.0,kokugo_level,0.0,std,1.6812935499160282
7.0,eng_level,0.0,count,25718.0
8.0,eng_level,0.0,mean,0.35245940497744777
9.0,eng_level,0.0,std,1.32021984247935
10.0,strategy,0.0,count,60728.0
11.0,strategy,0.0,mean,83.9059906468186
12.0,strategy,0.0,std,15.423624511465253
13.0,selfcontrol,0.0,count,21791.0
14.0,selfcontrol,0.0,mean,30.854986003395897
15.0,selfcontrol,0.0,std,6.13405302440638
16.0,selfefficacy,0.0,count,18067.0
17.0,selfefficacy,0.0,mean,25.034870205346763
18.0,selfefficacy,0.0,std,6.8908719015465945
19.0,dilligence,0.0,count,14254.0
20.0,dilligence,0.0,mean,42.23866984706047
21.0,dilligence,0.0,std,8.124789912736192
22.0,teacherrelation,0.0,count,88277.0
23.0,teacherrelation,0.0,mean,-0.010071707962336031
24.0,teacherrelation,0.0,std,1.0089387148410411
25.0,teacherrelation2,0.0,count,43672.0
26.0,teacherrelation2,0.0,mean,-0.028666276954474008
27.0,teacherrelation2,0.0,std,0.8138384971776474
28.0,friendrelation,0.0,count,88320.0
29.0,friendrelation,0.0,mean,2.374230072463768
30.0,friendrelation,0.0,std,0.7601034847594258
31.0,hoursprep,0.0,count,64678.0
32.0,hoursprep,0.0,mean,3.5034633105538204
33.0,hoursprep,0.0,std,3.9945359115391343
34.0,hourshome,0.0,count,64274.0
35.0,hourshome,0.0,mean,6.3189547873168
36.0,hourshome,0.0,std,5.601795362318588
37.0,studytime,0.0,count,64274.0
38.0,studytime,0.0,mean,9.817896816753276
39.0,studytime,0.0,std,6.443054234410888
40.0,cram,0.0,count,64678.0
41.0,cram,0.0,mean,0.6017656699341353
42.0,cram,0.0,std,0.4895380002226013
43.0,zmath_level,0.0,count,84039.0
44.0,zmath_level,0.0,mean,-0.13811635529953598
45.0,zmath_level,0.0,std,0.9652475795881102
46.0,zkokugo_level,0.0,count,84028.0
47.0,zkokugo_level,0.0,mean,-0.14994031290163531
48.0,zkokugo_level,0.0,std,0.986091078965832
49.0,zeng_level,0.0,count,25718.0
50.0,zeng_level,0.0,mean,-0.08443429914341297
51.0,zeng_level,0.0,std,0.979137546976281
52.0,zfriendrelation,0.0,count,88320.0
53.0,zfriendrelation,0.0,mean,-0.04916230478230115
54.0,zfriendrelation,0.0,std,1.026582470575388
55.0,zstrategy,0.0,count,60728.0
56.0,zstrategy,0.0,mean,-0.056776373312875134
57.0,zstrategy,0.0,std,1.010798368017501
58.0,zselfcontrol,0.0,count,21791.0
59.0,zselfcontrol,0.0,mean,-0.03626941807282906
60.0,zselfcontrol,0.0,std,1.0009211235389421
61.0,zselfefficacy,0.0,count,18067.0
62.0,zselfefficacy,0.0,mean,-0.07211668750499634
63.0,zselfefficacy,0.0,std,1.0040970993395872
64.0,zdilligence,0.0,count,14254.0
65.0,zdilligence,0.0,mean,-0.0350124456635813
66.0,zdilligence,0.0,std,0.992834903107656
67.0,teacherrelation_primitive,0.0,count,88277.0
68.0,teacherrelation_primitive,0.0,mean,2.3725885564756393
69.0,teacherrelation_primitive,0.0,std,0.8035290620823523
70.0,teacherrelation2_primitive,0.0,count,43672.0
71.0,teacherrelation2_primitive,0.0,mean,2.409789644012945
72.0,teacherrelation2_primitive,0.0,std,0.6098573359533385
73.0,dilligence_scaled,0.0,count,14254.0
74.0,dilligence_scaled,0.0,mean,3.7106669113123445
75.0,dilligence_scaled,0.0,std,0.6249838394412456
76.0,selfcontrol_scaled,0.0,count,21791.0
77.0,selfcontrol_scaled,0.0,mean,2.6324990002425643
78.0,selfcontrol_scaled,0.0,std,0.43814664460045566
79.0,selfefficacy_scaled,0.0,count,18067.0
80.0,selfefficacy_scaled,0.0,mean,2.216776443239055
81.0,selfefficacy_scaled,0.0,std,0.4922051358247568
82.0,reading_time_in_a_weekdays,0.0,count,17408.0
83.0,reading_time_in_a_weekdays,0.0,mean,4.256778492647059
84.0,reading_time_in_a_weekdays,0.0,std,3.842170205870532
85.0,smart_phone_gaming_tv_time,0.0,count,22344.0
86.0,smart_phone_gaming_tv_time,0.0,mean,5.039491586108128
87.0,smart_phone_gaming_tv_time,0.0,std,3.3716059192480925
88.0,lesson_time,0.0,count,22394.0
89.0,lesson_time,0.0,mean,1.7672367598463874
90.0,lesson_time,0.0,std,1.8134787079999561
91.0,playing_sport,0.0,count,22311.0
92.0,playing_sport,0.0,mean,3.8000986060687554
93.0,playing_sport,0.0,std,3.023680925164895
94.0,grade_6.0,0.0,count,0.17058191483345586
95.0,grade_9.0,0.0,count,0.1682180625459481
96.0,grade_8.0,0.0,count,0.16686082678278572
97.0,grade_5.0,0.0,count,0.166838206186733
98.0,grade_4.0,0.0,count,0.1639088389979076
99.0,grade_7.0,0.0,count,0.1635921506531697
100.0,sex_1.0,0.0,count,0.5004693773680936
101.0,sex_2.0,0.0,count,0.49953062263190634
102.0,lowses_0.0,0.0,count,0.8889821712052753
103.0,lowses_1.0,0.0,count,0.11101782879472463
104.0,grade_rawcount_6.0,0.0,count,15082.0
105.0,grade_rawcount_9.0,0.0,count,14873.0
106.0,grade_rawcount_8.0,0.0,count,14753.0
107.0,grade_rawcount_5.0,0.0,count,14751.0
108.0,grade_rawcount_4.0,0.0,count,14492.0
109.0,grade_rawcount_7.0,0.0,count,14464.0
0.0,samplesize,1.0,samplesize,83455.0
1.0,math_level,1.0,count,79262.0
2.0,math_level,1.0,mean,0.059216922547753015
3.0,math_level,1.0,std,1.3291098748853223
4.0,kokugo_level,1.0,count,79256.0
5.0,kokugo_level,1.0,mean,0.0530655081287221
6.0,kokugo_level,1.0,std,1.6638355719120113
7.0,eng_level,1.0,count,24267.0
8.0,eng_level,1.0,mean,0.3762167030844356
9.0,eng_level,1.0,std,1.3179183542289246
10.0,strategy,1.0,count,57485.0
11.0,strategy,1.0,mean,84.07154909976515
12.0,strategy,1.0,std,15.362528570800523
13.0,selfcontrol,1.0,count,20370.0
14.0,selfcontrol,1.0,mean,30.78767795778105
15.0,selfcontrol,1.0,std,6.184668190994316
16.0,selfefficacy,1.0,count,17156.0
17.0,selfefficacy,1.0,mean,25.2261599440429
18.0,selfefficacy,1.0,std,6.831350995364397
19.0,dilligence,1.0,count,13487.0
20.0,dilligence,1.0,mean,42.31660117149848
21.0,dilligence,1.0,std,8.268598739942497
22.0,teacherrelation,1.0,count,83310.0
23.0,teacherrelation,1.0,mean,-0.015057218559201202
24.0,teacherrelation,1.0,std,1.0106543774772838
25.0,teacherrelation2,1.0,count,41198.0
26.0,teacherrelation2,1.0,mean,-0.028574897125876127
27.0,teacherrelation2,1.0,std,0.8160076003337748
28.0,friendrelation,1.0,count,83383.0
29.0,friendrelation,1.0,mean,2.381456651835506
30.0,friendrelation,1.0,std,0.7545724495534857
31.0,hoursprep,1.0,count,61051.0
32.0,hoursprep,1.0,mean,3.4732109220160194
33.0,hoursprep,1.0,std,3.9776874338314414
34.0,hourshome,1.0,count,60700.0
35.0,hourshome,1.0,mean,6.306107907742998
36.0,hourshome,1.0,std,5.614713912835681
37.0,studytime,1.0,count,60700.0
38.0,studytime,1.0,mean,9.773587314662274
39.0,studytime,1.0,std,6.4536446682461905
40.0,cram,1.0,count,61051.0
41.0,cram,1.0,mean,0.5975823491834695
42.0,cram,1.0,std,0.4903892577904382
43.0,zmath_level,1.0,count,79262.0
44.0,zmath_level,1.0,mean,-0.11077710845543338
45.0,zmath_level,1.0,std,0.9734509776072937
46.0,zkokugo_level,1.0,count,79256.0
47.0,zkokugo_level,1.0,mean,-0.12282918877485588
48.0,zkokugo_level,1.0,std,0.9774882711381732
49.0,zeng_level,1.0,count,24267.0
50.0,zeng_level,1.0,mean,-0.06564807341045695
51.0,zeng_level,1.0,std,0.9834224522892188
52.0,zfriendrelation,1.0,count,83383.0
53.0,zfriendrelation,1.0,mean,-0.03952955314994332
54.0,zfriendrelation,1.0,std,1.0196936107220886
55.0,zstrategy,1.0,count,57485.0
56.0,zstrategy,1.0,mean,-0.045855338231299565
57.0,zstrategy,1.0,std,1.0067144762744407
58.0,zselfcontrol,1.0,count,20370.0
59.0,zselfcontrol,1.0,mean,-0.04742766253657115
60.0,zselfcontrol,1.0,std,1.0095878369939495
61.0,zselfefficacy,1.0,count,17156.0
62.0,zselfefficacy,1.0,mean,-0.03820998022651432
63.0,zselfefficacy,1.0,std,0.9963508045763084
64.0,zdilligence,1.0,count,13487.0
65.0,zdilligence,1.0,mean,-0.026881658835703294
66.0,zdilligence,1.0,std,1.013773433386339
67.0,teacherrelation_primitive,1.0,count,83310.0
68.0,teacherrelation_primitive,1.0,mean,2.3690673388548795
69.0,teacherrelation_primitive,1.0,std,0.8035894468809908
70.0,teacherrelation2_primitive,1.0,count,41198.0
71.0,teacherrelation2_primitive,1.0,mean,2.4093645322588477
72.0,teacherrelation2_primitive,1.0,std,0.611071190807495
73.0,dilligence_scaled,1.0,count,13487.0
74.0,dilligence_scaled,1.0,mean,3.716661628576806
75.0,dilligence_scaled,1.0,std,0.6360460569186537
76.0,selfcontrol_scaled,1.0,count,20370.0
77.0,selfcontrol_scaled,1.0,mean,2.6276912826986463
78.0,selfcontrol_scaled,1.0,std,0.4417620136424511
79.0,selfefficacy_scaled,1.0,count,17156.0
80.0,selfefficacy_scaled,1.0,mean,2.230439996003065
81.0,selfefficacy_scaled,1.0,std,0.4879536425260283
82.0,reading_time_in_a_weekdays,1.0,count,16363.0
83.0,reading_time_in_a_weekdays,1.0,mean,4.234935525270427
84.0,reading_time_in_a_weekdays,1.0,std,3.832231031547247
85.0,smart_phone_gaming_tv_time,1.0,count,21130.0
86.0,smart_phone_gaming_tv_time,1.0,mean,5.058670137245622
87.0,smart_phone_gaming_tv_time,1.0,std,3.3311115930856046
88.0,lesson_time,1.0,count,21179.0
89.0,lesson_time,1.0,mean,1.7801123754662638
90.0,lesson_time,1.0,std,1.8160063569065443
91.0,playing_sport,1.0,count,21124.0
92.0,playing_sport,1.0,mean,3.843211512971028
93.0,playing_sport,1.0,std,3.0307699153729795
94.0,grade_9.0,1.0,count,0.1693966808459649
95.0,grade_6.0,1.0,count,0.16936073332933915
96.0,grade_8.0,1.0,count,0.16672458211011923
97.0,grade_5.0,1.0,count,0.16652087951590677
98.0,grade_7.0,1.0,count,0.1645078185848661
99.0,grade_4.0,1.0,count,0.16348930561380384
100.0,sex_1.0,1.0,count,0.5071235995446648
101.0,sex_2.0,1.0,count,0.4928764004553352
102.0,lowses_0.0,1.0,count,0.8901340577952425
103.0,lowses_1.0,1.0,count,0.10986594220475751
104.0,grade_rawcount_9.0,1.0,count,14137.0
105.0,grade_rawcount_6.0,1.0,count,14134.0
106.0,grade_rawcount_8.0,1.0,count,13914.0
107.0,grade_rawcount_5.0,1.0,count,13897.0
108.0,grade_rawcount_7.0,1.0,count,13729.0
109.0,grade_rawcount_4.0,1.0,count,13644.0
0.0,samplesize,2.0,samplesize,93445.0
1.0,math_level,2.0,count,88669.0
2.0,math_level,2.0,mean,0.08062720170499273
3.0,math_level,2.0,std,1.3331035455985485
4.0,kokugo_level,2.0,count,88648.0
5.0,kokugo_level,2.0,mean,0.08267004968752821
6.0,kokugo_level,2.0,std,1.669981158698409
7.0,eng_level,2.0,count,27160.0
8.0,eng_level,2.0,mean,0.4085186857319587
9.0,eng_level,2.0,std,1.335639114076488
10.0,strategy,2.0,count,64284.0
11.0,strategy,2.0,mean,84.04710347831498
12.0,strategy,2.0,std,15.54750243368727
13.0,selfcontrol,2.0,count,22991.0
14.0,selfcontrol,2.0,mean,30.88217128441564
15.0,selfcontrol,2.0,std,6.189833679086144
16.0,selfefficacy,2.0,count,19097.0
17.0,selfefficacy,2.0,mean,25.027962507200083
18.0,selfefficacy,2.0,std,6.850279060750507
19.0,dilligence,2.0,count,15139.0
20.0,dilligence,2.0,mean,42.340709425985864
21.0,dilligence,2.0,std,8.281737301412385
22.0,teacherrelation,2.0,count,93286.0
23.0,teacherrelation,2.0,mean,-0.009269962044724009
24.0,teacherrelation,2.0,std,1.0124427965080578
25.0,teacherrelation2,2.0,count,46016.0
26.0,teacherrelation2,2.0,mean,-0.022431816964468606
27.0,teacherrelation2,2.0,std,0.8126527406321884
28.0,friendrelation,2.0,count,93355.0
29.0,friendrelation,2.0,mean,2.386449574205988
30.0,friendrelation,2.0,std,0.756721484042082
31.0,hoursprep,2.0,count,68217.0
32.0,hoursprep,2.0,mean,3.4470146737616725
33.0,hoursprep,2.0,std,3.9778299917582762
34.0,hourshome,2.0,count,67797.0
35.0,hourshome,2.0,mean,6.2510509314571445
36.0,hourshome,2.0,std,5.562846911636485
37.0,studytime,2.0,count,67797.0
38.0,studytime,2.0,mean,9.692368393881734
39.0,studytime,2.0,std,6.415839064781108
40.0,cram,2.0,count,68217.0
41.0,cram,2.0,mean,0.5944999047158332
42.0,cram,2.0,std,0.49099216075916957
43.0,zmath_level,2.0,count,88669.0
44.0,zmath_level,2.0,mean,-0.09354880763213635
45.0,zmath_level,2.0,std,0.9781029060067974
46.0,zkokugo_level,2.0,count,88648.0
47.0,zkokugo_level,2.0,mean,-0.10217003458800776
48.0,zkokugo_level,2.0,std,0.9821443437412389
49.0,zeng_level,2.0,count,27160.0
50.0,zeng_level,2.0,mean,-0.04184827958260222
51.0,zeng_level,2.0,std,0.9929368262136361
52.0,zfriendrelation,2.0,count,93355.0
53.0,zfriendrelation,2.0,mean,-0.033011085175522176
54.0,zfriendrelation,2.0,std,1.023692445171606
55.0,zstrategy,2.0,count,64284.0
56.0,zstrategy,2.0,mean,-0.04720943074271855
57.0,zstrategy,2.0,std,1.0193004700368868
58.0,zselfcontrol,2.0,count,22991.0
59.0,zselfcontrol,2.0,mean,-0.033040863382117584
60.0,zselfcontrol,2.0,std,1.0109668880994718
61.0,zselfefficacy,2.0,count,19097.0
62.0,zselfefficacy,2.0,mean,-0.06530115436111368
63.0,zselfefficacy,2.0,std,1.0011650378416967
64.0,zdilligence,2.0,count,15139.0
65.0,zdilligence,2.0,mean,-0.025172691455909377
66.0,zdilligence,2.0,std,1.0143939831388848
67.0,teacherrelation_primitive,2.0,count,93286.0
68.0,teacherrelation_primitive,2.0,mean,2.3733357631370193
69.0,teacherrelation_primitive,2.0,std,0.8055446182127146
70.0,teacherrelation2_primitive,2.0,count,46016.0
71.0,teacherrelation2_primitive,2.0,mean,2.4135083449235046
72.0,teacherrelation2_primitive,2.0,std,0.609319227859295
73.0,dilligence_scaled,2.0,count,15139.0
74.0,dilligence_scaled,2.0,mean,3.7185161096912207
75.0,dilligence_scaled,2.0,std,0.6370567154932604
76.0,selfcontrol_scaled,2.0,count,22991.0
77.0,selfcontrol_scaled,2.0,mean,2.634440806029689
78.0,selfcontrol_scaled,2.0,std,0.44213097707758175
79.0,selfefficacy_scaled,2.0,count,19097.0
80.0,selfefficacy_scaled,2.0,mean,2.2162830362285777
81.0,selfefficacy_scaled,2.0,std,0.48930564719646474
82.0,reading_time_in_a_weekdays,2.0,count,18358.0
83.0,reading_time_in_a_weekdays,2.0,mean,4.214488687947125
84.0,reading_time_in_a_weekdays,2.0,std,3.834232133765915
85.0,smart_phone_gaming_tv_time,2.0,count,23772.0
86.0,smart_phone_gaming_tv_time,2.0,mean,5.0722572774692924
87.0,smart_phone_gaming_tv_time,2.0,std,3.350252312087261
88.0,lesson_time,2.0,count,23813.0
89.0,lesson_time,2.0,mean,1.7724352244572292
90.0,lesson_time,2.0,std,1.8247869486834827
91.0,playing_sport,2.0,count,23752.0
92.0,playing_sport,2.0,mean,3.8526860895924555
93.0,playing_sport,2.0,std,3.0274420901715184
94.0,grade_6.0,2.0,count,0.17033549146556798
95.0,grade_9.0,2.0,count,0.16920113435710846
96.0,grade_8.0,2.0,count,0.1669966290331211
97.0,grade_5.0,2.0,count,0.16531649633474235
98.0,grade_7.0,2.0,count,0.16463160147680453
99.0,grade_4.0,2.0,count,0.16351864733265556
100.0,sex_1.0,2.0,count,0.5001123655626304
101.0,sex_2.0,2.0,count,0.49988763443736955
102.0,lowses_0.0,2.0,count,0.8861752152210085
103.0,lowses_1.0,2.0,count,0.11382478477899154
104.0,grade_rawcount_6.0,2.0,count,15917.0
105.0,grade_rawcount_9.0,2.0,count,15811.0
106.0,grade_rawcount_8.0,2.0,count,15605.0
107.0,grade_rawcount_5.0,2.0,count,15448.0
108.0,grade_rawcount_7.0,2.0,count,15384.0
109.0,grade_rawcount_4.0,2.0,count,15280.0
0.0,samplesize,3.0,samplesize,83542.0
1.0,math_level,3.0,count,79246.0
2.0,math_level,3.0,mean,0.15830092857658432
3.0,math_level,3.0,std,1.347282298554687
4.0,kokugo_level,3.0,count,79246.0
5.0,kokugo_level,3.0,mean,0.16923792422948794
6.0,kokugo_level,3.0,std,1.6728020394084149
7.0,eng_level,3.0,count,24764.0
8.0,eng_level,3.0,mean,0.4461118940950573
9.0,eng_level,3.0,std,1.3586230007326594
10.0,strategy,3.0,count,58285.0
11.0,strategy,3.0,mean,84.1584112550399
12.0,strategy,3.0,std,15.409742608660071
13.0,selfcontrol,3.0,count,20739.0
14.0,selfcontrol,3.0,mean,30.940353922561357
15.0,selfcontrol,3.0,std,6.152579902305101
16.0,selfefficacy,3.0,count,16829.0
17.0,selfefficacy,3.0,mean,25.183314516608235
18.0,selfefficacy,3.0,std,6.94422187277783
19.0,dilligence,3.0,count,13517.0
20.0,dilligence,3.0,mean,42.151734852408076
21.0,dilligence,3.0,std,8.155868148052965
22.0,teacherrelation,3.0,count,83402.0
23.0,teacherrelation,3.0,mean,-0.024186933578225517
24.0,teacherrelation,3.0,std,1.0190416915262488
25.0,teacherrelation2,3.0,count,42132.0
26.0,teacherrelation2,3.0,mean,-0.03186903938907447
27.0,teacherrelation2,3.0,std,0.8134889086193757
28.0,friendrelation,3.0,count,83458.0
29.0,friendrelation,3.0,mean,2.37568597378322
30.0,friendrelation,3.0,std,0.7597317620635479
31.0,hoursprep,3.0,count,61711.0
32.0,hoursprep,3.0,mean,3.3814879032911476
33.0,hoursprep,3.0,std,3.9480851851350836
34.0,hourshome,3.0,count,61340.0
35.0,hourshome,3.0,mean,6.191290348875122
36.0,hourshome,3.0,std,5.539869350560524
37.0,studytime,3.0,count,61340.0
38.0,studytime,3.0,mean,9.565010596674275
39.0,studytime,3.0,std,6.382669255382506
40.0,cram,3.0,count,61711.0
41.0,cram,3.0,mean,0.5846769619678825
42.0,cram,3.0,std,0.49278164244164036
43.0,zmath_level,3.0,count,79246.0
44.0,zmath_level,3.0,mean,-0.031862315222721795
45.0,zmath_level,3.0,std,0.9902036966463454
46.0,zkokugo_level,3.0,count,79246.0
47.0,zkokugo_level,3.0,mean,-0.04561105980130615
48.0,zkokugo_level,3.0,std,0.9921014823152455
49.0,zeng_level,3.0,count,24764.0
50.0,zeng_level,3.0,mean,-0.01373402609450849
51.0,zeng_level,3.0,std,1.010781234648409
52.0,zfriendrelation,3.0,count,83458.0
53.0,zfriendrelation,3.0,mean,-0.04423368914249417
54.0,zfriendrelation,3.0,std,1.0260395112217076
55.0,zstrategy,3.0,count,58285.0
56.0,zstrategy,3.0,mean,-0.03824419373967003
57.0,zstrategy,3.0,std,1.009257084906058
58.0,zselfcontrol,3.0,count,20739.0
59.0,zselfcontrol,3.0,mean,-0.02153327550887078
60.0,zselfcontrol,3.0,std,1.0039730157049622
61.0,zselfefficacy,3.0,count,16829.0
62.0,zselfefficacy,3.0,mean,-0.032212006079971156
63.0,zselfefficacy,3.0,std,1.0140343182217328
64.0,zdilligence,3.0,count,13517.0
65.0,zdilligence,3.0,mean,-0.047120226199466375
66.0,zdilligence,3.0,std,1.002560059343179
67.0,teacherrelation_primitive,3.0,count,83402.0
68.0,teacherrelation_primitive,3.0,mean,2.3609865470852016
69.0,teacherrelation_primitive,3.0,std,0.8099362117038862
70.0,teacherrelation2_primitive,3.0,count,42132.0
71.0,teacherrelation2_primitive,3.0,mean,2.405827716066964
72.0,teacherrelation2_primitive,3.0,std,0.6100252827747839
73.0,dilligence_scaled,3.0,count,13517.0
74.0,dilligence_scaled,3.0,mean,3.703979604031391
75.0,dilligence_scaled,3.0,std,0.6273744729271512
76.0,selfcontrol_scaled,3.0,count,20739.0
77.0,selfcontrol_scaled,3.0,mean,2.6385967087543833
78.0,selfcontrol_scaled,3.0,std,0.43946999302179296
79.0,selfefficacy_scaled,3.0,count,16829.0
80.0,selfefficacy_scaled,3.0,mean,2.22737960832916
81.0,selfefficacy_scaled,3.0,std,0.4960158480555593
82.0,reading_time_in_a_weekdays,3.0,count,15774.0
83.0,reading_time_in_a_weekdays,3.0,mean,4.189610540551962
84.0,reading_time_in_a_weekdays,3.0,std,3.8145667042900118
85.0,smart_phone_gaming_tv_time,3.0,count,20617.0
86.0,smart_phone_gaming_tv_time,3.0,mean,5.121278556531019
87.0,smart_phone_gaming_tv_time,3.0,std,3.3261746599528283
88.0,lesson_time,3.0,count,20657.0
89.0,lesson_time,3.0,mean,1.7279856707169483
90.0,lesson_time,3.0,std,1.8115898110449082
91.0,playing_sport,3.0,count,20609.0
92.0,playing_sport,3.0,mean,3.888301227619001
93.0,playing_sport,3.0,std,3.039417140195577
94.0,grade_9.0,3.0,count,0.1735055421225252
95.0,grade_8.0,3.0,count,0.16864571113930718
96.0,grade_6.0,3.0,count,0.16710157764956549
97.0,grade_4.0,3.0,count,0.1655574441598238
98.0,grade_5.0,3.0,count,0.16319934883052836
99.0,grade_7.0,3.0,count,0.16199037609824998
100.0,sex_1.0,3.0,count,0.517464269469249
101.0,sex_2.0,3.0,count,0.482535730530751
102.0,lowses_0.0,3.0,count,0.8893585679059788
103.0,lowses_1.0,3.0,count,0.1106414320940212
104.0,grade_rawcount_9.0,3.0,count,14495.0
105.0,grade_rawcount_8.0,3.0,count,14089.0
106.0,grade_rawcount_6.0,3.0,count,13960.0
107.0,grade_rawcount_4.0,3.0,count,13831.0
108.0,grade_rawcount_5.0,3.0,count,13634.0
109.0,grade_rawcount_7.0,3.0,count,13533.0
0.0,samplesize,4.0,samplesize,89495.0
1.0,math_level,4.0,count,84903.0
2.0,math_level,4.0,mean,0.15734834124824798
3.0,math_level,4.0,std,1.3392504838248214
4.0,kokugo_level,4.0,count,84895.0
5.0,kokugo_level,4.0,mean,0.1881218112741622
6.0,kokugo_level,4.0,std,1.6654088792935653
7.0,eng_level,4.0,count,25964.0
8.0,eng_level,4.0,mean,0.45268957245763364
9.0,eng_level,4.0,std,1.3394339414482932
10.0,strategy,4.0,count,61772.0
11.0,strategy,4.0,mean,84.48177167648772
12.0,strategy,4.0,std,15.45330674958646
13.0,selfcontrol,4.0,count,21994.0
14.0,selfcontrol,4.0,mean,30.956988269528054
15.0,selfcontrol,4.0,std,6.13658520176899
16.0,selfefficacy,4.0,count,17871.0
17.0,selfefficacy,4.0,mean,25.465111073806725
18.0,selfefficacy,4.0,std,6.849227637945962
19.0,dilligence,4.0,count,14857.0
20.0,dilligence,4.0,mean,42.384465235242644
21.0,dilligence,4.0,std,8.197358342961937
22.0,teacherrelation,4.0,count,89348.0
23.0,teacherrelation,4.0,mean,-0.0044250528586872355
24.0,teacherrelation,4.0,std,1.0052439374779791
25.0,teacherrelation2,4.0,count,44025.0
26.0,teacherrelation2,4.0,mean,-0.010045120767200067
27.0,teacherrelation2,4.0,std,0.8066341233226249
28.0,friendrelation,4.0,count,89411.0
29.0,friendrelation,4.0,mean,2.399313283600452
30.0,friendrelation,4.0,std,0.7495166233806976
31.0,hoursprep,4.0,count,65475.0
32.0,hoursprep,4.0,mean,3.3999236349751816
33.0,hoursprep,4.0,std,3.948060237381945
34.0,hourshome,4.0,count,65163.0
35.0,hourshome,4.0,mean,6.296606202906557
36.0,hourshome,4.0,std,5.549266266500929
37.0,studytime,4.0,count,65163.0
38.0,studytime,4.0,mean,9.690925064837408
39.0,studytime,4.0,std,6.401988359797334
40.0,cram,4.0,count,65475.0
41.0,cram,4.0,mean,0.5899656357388317
42.0,cram,4.0,std,0.4918433481067847
43.0,zmath_level,4.0,count,84903.0
44.0,zmath_level,4.0,mean,-0.0282317272148344
45.0,zmath_level,4.0,std,0.9917725781208555
46.0,zkokugo_level,4.0,count,84895.0
47.0,zkokugo_level,4.0,mean,-0.029543573830299964
48.0,zkokugo_level,4.0,std,0.9946963309375391
49.0,zeng_level,4.0,count,25964.0
50.0,zeng_level,4.0,mean,-0.005952020572416681
51.0,zeng_level,4.0,std,0.9961932797476024
52.0,zfriendrelation,4.0,count,89411.0
53.0,zfriendrelation,4.0,mean,-0.01439022050317948
54.0,zfriendrelation,4.0,std,1.0121665071427286
55.0,zstrategy,4.0,count,61772.0
56.0,zstrategy,4.0,mean,-0.018417510470473002
57.0,zstrategy,4.0,std,1.0125936178083994
58.0,zselfcontrol,4.0,count,21994.0
59.0,zselfcontrol,4.0,mean,-0.022806162524106225
60.0,zselfcontrol,4.0,std,0.9997960799483305
61.0,zselfefficacy,4.0,count,17871.0
62.0,zselfefficacy,4.0,mean,-0.000927327170698775
63.0,zselfefficacy,4.0,std,1.001887995372793
64.0,zdilligence,4.0,count,14857.0
65.0,zdilligence,4.0,mean,-0.019148327046624343
66.0,zdilligence,4.0,std,1.006010012285505
67.0,teacherrelation_primitive,4.0,count,89348.0
68.0,teacherrelation_primitive,4.0,mean,2.3766060795988717
69.0,teacherrelation_primitive,4.0,std,0.8004650597079426
70.0,teacherrelation2_primitive,4.0,count,44025.0
71.0,teacherrelation2_primitive,4.0,mean,2.4233655120196858
72.0,teacherrelation2_primitive,4.0,std,0.6046543194151057
73.0,dilligence_scaled,4.0,count,14857.0
74.0,dilligence_scaled,4.0,mean,3.7218819411725117
75.0,dilligence_scaled,4.0,std,0.6305660263816876
76.0,selfcontrol_scaled,4.0,count,21994.0
77.0,selfcontrol_scaled,4.0,mean,2.639784876394861
78.0,selfcontrol_scaled,4.0,std,0.43832751441207074
79.0,selfefficacy_scaled,4.0,count,17871.0
80.0,selfefficacy_scaled,4.0,mean,2.247507933843338
81.0,selfefficacy_scaled,4.0,std,0.48923054556756873
82.0,reading_time_in_a_weekdays,4.0,count,17414.0
83.0,reading_time_in_a_weekdays,4.0,mean,4.135570996516213
84.0,reading_time_in_a_weekdays,4.0,std,3.7812671299017104
85.0,smart_phone_gaming_tv_time,4.0,count,22763.0
86.0,smart_phone_gaming_tv_time,4.0,mean,5.054166849712252
87.0,smart_phone_gaming_tv_time,4.0,std,3.3033271846975696
88.0,lesson_time,4.0,count,22835.0
89.0,lesson_time,4.0,mean,1.7964528136632363
90.0,lesson_time,4.0,std,1.8327874340220025
91.0,playing_sport,4.0,count,22770.0
92.0,playing_sport,4.0,mean,3.961725955204216
93.0,playing_sport,4.0,std,3.0282889958867587
94.0,grade_6.0,4.0,count,0.16995362869434047
95.0,grade_9.0,4.0,count,0.16984189060841387
96.0,grade_5.0,4.0,count,0.1682105145538857
97.0,grade_8.0,4.0,count,0.1666350075423208
98.0,grade_4.0,4.0,count,0.16312643164422594
99.0,grade_7.0,4.0,count,0.16223252695681323
100.0,sex_2.0,4.0,count,0.5034582937594279
101.0,sex_1.0,4.0,count,0.4965417062405721
102.0,lowses_0.0,4.0,count,0.8898597968639169
103.0,lowses_1.0,4.0,count,0.11014020313608307
104.0,grade_rawcount_6.0,4.0,count,15210.0
105.0,grade_rawcount_9.0,4.0,count,15200.0
106.0,grade_rawcount_5.0,4.0,count,15054.0
107.0,grade_rawcount_8.0,4.0,count,14913.0
108.0,grade_rawcount_4.0,4.0,count,14599.0
109.0,grade_rawcount_7.0,4.0,count,14519.0
0.0,samplesize,5.0,samplesize,93902.0
1.0,math_level,5.0,count,89140.0
2.0,math_level,5.0,mean,0.18557503177709223
3.0,math_level,5.0,std,1.331355116883078
4.0,kokugo_level,5.0,count,89138.0
5.0,kokugo_level,5.0,mean,0.23581932452006998
6.0,kokugo_level,5.0,std,1.6668915192953784
7.0,eng_level,5.0,count,27452.0
8.0,eng_level,5.0,mean,0.46736259596349994
9.0,eng_level,5.0,std,1.3403230204886993
10.0,strategy,5.0,count,64996.0
11.0,strategy,5.0,mean,84.86833035879131
12.0,strategy,5.0,std,15.303872920499755
13.0,selfcontrol,5.0,count,22830.0
14.0,selfcontrol,5.0,mean,31.044809461235218
15.0,selfcontrol,5.0,std,6.142735322774318
16.0,selfefficacy,5.0,count,19056.0
17.0,selfefficacy,5.0,mean,25.532273299748113
18.0,selfefficacy,5.0,std,6.8734718801531125
19.0,dilligence,5.0,count,14961.0
20.0,dilligence,5.0,mean,42.53993716997527
21.0,dilligence,5.0,std,8.18465201330758
22.0,teacherrelation,5.0,count,93744.0
23.0,teacherrelation,5.0,mean,-0.0008272449275707372
24.0,teacherrelation,5.0,std,1.0006901686155736
25.0,teacherrelation2,5.0,count,46456.0
26.0,teacherrelation2,5.0,mean,-6.797691550911089e-05
27.0,teacherrelation2,5.0,std,0.8001475140070824
28.0,friendrelation,5.0,count,93815.0
29.0,friendrelation,5.0,mean,2.40592655758674
30.0,friendrelation,5.0,std,0.741747793166075
31.0,hoursprep,5.0,count,68775.0
32.0,hoursprep,5.0,mean,3.4023118865866957
33.0,hoursprep,5.0,std,3.9521070519296133
34.0,hourshome,5.0,count,68397.0
35.0,hourshome,5.0,mean,6.309501878737372
36.0,hourshome,5.0,std,5.564741919767623
37.0,studytime,5.0,count,68397.0
38.0,studytime,5.0,mean,9.708671432957585
39.0,studytime,5.0,std,6.42876542570374
40.0,cram,5.0,count,68775.0
41.0,cram,5.0,mean,0.5888186114140312
42.0,cram,5.0,std,0.4920515975543533
43.0,zmath_level,5.0,count,89140.0
44.0,zmath_level,5.0,mean,-0.0028415575743623075
45.0,zmath_level,5.0,std,0.9882802487806343
46.0,zkokugo_level,5.0,count,89138.0
47.0,zkokugo_level,5.0,mean,0.0034284290884474353
48.0,zkokugo_level,5.0,std,0.9990843327670318
49.0,zeng_level,5.0,count,27452.0
50.0,zeng_level,5.0,mean,0.003446785451986993
51.0,zeng_level,5.0,std,0.993868288419952
52.0,zfriendrelation,5.0,count,93815.0
53.0,zfriendrelation,5.0,mean,-0.003915693127542078
54.0,zfriendrelation,5.0,std,1.001363857302085
55.0,zstrategy,5.0,count,64996.0
56.0,zstrategy,5.0,mean,0.007796741338028333
57.0,zstrategy,5.0,std,1.0018001778452577
58.0,zselfcontrol,5.0,count,22830.0
59.0,zselfcontrol,5.0,mean,-0.005375068620870138
60.0,zselfcontrol,5.0,std,1.0026857463684136
61.0,zselfefficacy,5.0,count,19056.0
62.0,zselfefficacy,5.0,mean,0.011790708073924239
63.0,zselfefficacy,5.0,std,0.9980594778614592
64.0,zdilligence,5.0,count,14961.0
65.0,zdilligence,5.0,mean,0.0037878004285721006
66.0,zdilligence,5.0,std,1.0001156559811628
67.0,teacherrelation_primitive,5.0,count,93744.0
68.0,teacherrelation_primitive,5.0,mean,2.379426949991466
69.0,teacherrelation_primitive,5.0,std,0.7969515835635311
70.0,teacherrelation2_primitive,5.0,count,46456.0
71.0,teacherrelation2_primitive,5.0,mean,2.429976752195626
72.0,teacherrelation2_primitive,5.0,std,0.6006170252311996
73.0,dilligence_scaled,5.0,count,14961.0
74.0,dilligence_scaled,5.0,mean,3.7338413207673287
75.0,dilligence_scaled,5.0,std,0.6295886164082753
76.0,selfcontrol_scaled,5.0,count,22830.0
77.0,selfcontrol_scaled,5.0,mean,2.646057818659658
78.0,selfcontrol_scaled,5.0,std,0.4387668087695941
79.0,selfefficacy_scaled,5.0,count,19056.0
80.0,selfefficacy_scaled,5.0,mean,2.2523052356962943
81.0,selfefficacy_scaled,5.0,std,0.49096227715379376
82.0,reading_time_in_a_weekdays,5.0,count,18292.0
83.0,reading_time_in_a_weekdays,5.0,mean,4.165067606968438
84.0,reading_time_in_a_weekdays,5.0,std,3.792190292979456
85.0,smart_phone_gaming_tv_time,5.0,count,23837.0
86.0,smart_phone_gaming_tv_time,5.0,mean,5.047564710324286
87.0,smart_phone_gaming_tv_time,5.0,std,3.2827892791129107
88.0,lesson_time,5.0,count,23879.0
89.0,lesson_time,5.0,mean,1.8027136814774487
90.0,lesson_time,5.0,std,1.8353250296279777
91.0,playing_sport,5.0,count,23816.0
92.0,playing_sport,5.0,mean,3.9726864292912327
93.0,playing_sport,5.0,std,3.0335272769095916
94.0,grade_9.0,5.0,count,0.17116781325211392
95.0,grade_6.0,5.0,count,0.1669293518774893
96.0,grade_4.0,5.0,count,0.16686545547485676
97.0,grade_8.0,5.0,count,0.16684415667397925
98.0,grade_5.0,5.0,count,0.1661945432472152
99.0,grade_7.0,5.0,count,0.1619986794743456
100.0,sex_2.0,5.0,count,0.5048561266000724
101.0,sex_1.0,5.0,count,0.4951438733999276
102.0,lowses_0.0,5.0,count,0.8917123258121575
103.0,lowses_1.0,5.0,count,0.10828767418784245
104.0,grade_rawcount_9.0,5.0,count,16073.0
105.0,grade_rawcount_6.0,5.0,count,15675.0
106.0,grade_rawcount_4.0,5.0,count,15669.0
107.0,grade_rawcount_8.0,5.0,count,15667.0
108.0,grade_rawcount_5.0,5.0,count,15606.0
109.0,grade_rawcount_7.0,5.0,count,15212.0
0.0,samplesize,6.0,samplesize,96195.0
1.0,math_level,6.0,count,91200.0
2.0,math_level,6.0,mean,0.2198433449638158
3.0,math_level,6.0,std,1.3430583707112287
4.0,kokugo_level,6.0,count,91192.0
5.0,kokugo_level,6.0,mean,0.27973343407382223
6.0,kokugo_level,6.0,std,1.6609118998298475
7.0,eng_level,6.0,count,28132.0
8.0,eng_level,6.0,mean,0.4880470142129958
9.0,eng_level,6.0,std,1.3525341788382186
10.0,strategy,6.0,count,66385.0
11.0,strategy,6.0,mean,84.89202380055735
12.0,strategy,6.0,std,15.213388395412355
13.0,selfcontrol,6.0,count,23469.0
14.0,selfcontrol,6.0,mean,31.168946269547064
15.0,selfcontrol,6.0,std,6.08210795355831
16.0,selfefficacy,6.0,count,19652.0
17.0,selfefficacy,6.0,mean,25.417463871361694
18.0,selfefficacy,6.0,std,6.835345962325394
19.0,dilligence,6.0,count,15595.0
20.0,dilligence,6.0,mean,42.60166720102597
21.0,dilligence,6.0,std,8.17013818261949
22.0,teacherrelation,6.0,count,96046.0
23.0,teacherrelation,6.0,mean,-0.005755034577317702
24.0,teacherrelation,6.0,std,1.0026463515235235
25.0,teacherrelation2,6.0,count,47229.0
26.0,teacherrelation2,6.0,mean,-0.0011454863372424666
27.0,teacherrelation2,6.0,std,0.7980313957851293
28.0,friendrelation,6.0,count,96120.0
29.0,friendrelation,6.0,mean,2.4103100291302537
30.0,friendrelation,6.0,std,0.737648515036798
31.0,hoursprep,6.0,count,70186.0
32.0,hoursprep,6.0,mean,3.363220585301912
33.0,hoursprep,6.0,std,3.9413803582359406
34.0,hourshome,6.0,count,69807.0
35.0,hourshome,6.0,mean,6.266284183534602
36.0,hourshome,6.0,std,5.499848671325184
37.0,studytime,6.0,count,69807.0
38.0,studytime,6.0,mean,9.627150572292177
39.0,studytime,6.0,std,6.394916405072907
40.0,cram,6.0,count,70186.0
41.0,cram,6.0,mean,0.5805573761148947
42.0,cram,6.0,std,0.493471355506591
43.0,zmath_level,6.0,count,91200.0
44.0,zmath_level,6.0,mean,0.021991322096670908
45.0,zmath_level,6.0,std,1.0005609389388226
46.0,zkokugo_level,6.0,count,91192.0
47.0,zkokugo_level,6.0,mean,0.02907430117947365
48.0,zkokugo_level,6.0,std,1.000126796045694
49.0,zeng_level,6.0,count,28132.0
50.0,zeng_level,6.0,mean,0.021668450617025572
51.0,zeng_level,6.0,std,1.0028123782748208
52.0,zfriendrelation,6.0,count,96120.0
53.0,zfriendrelation,6.0,mean,0.00041856684688071274
54.0,zfriendrelation,6.0,std,0.9965807909813111
55.0,zstrategy,6.0,count,66385.0
56.0,zstrategy,6.0,mean,0.009227155701518884
57.0,zstrategy,6.0,std,0.9956119133793951
58.0,zselfcontrol,6.0,count,23469.0
59.0,zselfcontrol,6.0,mean,0.015301452896160061
60.0,zselfcontrol,6.0,std,0.9925621804788343
61.0,zselfefficacy,6.0,count,19652.0
62.0,zselfefficacy,6.0,mean,-0.006453494247126619
63.0,zselfefficacy,6.0,std,0.9951372572569227
64.0,zdilligence,6.0,count,15595.0
65.0,zdilligence,6.0,mean,0.008670279400757645
66.0,zdilligence,6.0,std,1.0002114884850897
67.0,teacherrelation_primitive,6.0,count,96046.0
68.0,teacherrelation_primitive,6.0,mean,2.3755700393561416
69.0,teacherrelation_primitive,6.0,std,0.7975079459424709
70.0,teacherrelation2_primitive,6.0,count,47229.0
71.0,teacherrelation2_primitive,6.0,mean,2.428797278508261
72.0,teacherrelation2_primitive,6.0,std,0.5984639942125736
73.0,dilligence_scaled,6.0,count,15595.0
74.0,dilligence_scaled,6.0,mean,3.7385897846943057
75.0,dilligence_scaled,6.0,std,0.628472167893807
76.0,selfcontrol_scaled,6.0,count,23469.0
77.0,selfcontrol_scaled,6.0,mean,2.654924733539076
78.0,selfcontrol_scaled,6.0,std,0.4344362823970222
79.0,selfefficacy_scaled,6.0,count,19652.0
80.0,selfefficacy_scaled,6.0,mean,2.244104562240121
81.0,selfefficacy_scaled,6.0,std,0.48823899730895676
82.0,reading_time_in_a_weekdays,6.0,count,18823.0
83.0,reading_time_in_a_weekdays,6.0,mean,4.149891976128496
84.0,reading_time_in_a_weekdays,6.0,std,3.759616290844446
85.0,smart_phone_gaming_tv_time,6.0,count,24681.0
86.0,smart_phone_gaming_tv_time,6.0,mean,5.077059276366437
87.0,smart_phone_gaming_tv_time,6.0,std,3.309192974535927
88.0,lesson_time,6.0,count,24740.0
89.0,lesson_time,6.0,mean,1.8137429264349232
90.0,lesson_time,6.0,std,1.8361005157357386
91.0,playing_sport,6.0,count,24674.0
92.0,playing_sport,6.0,mean,3.988510172651374
93.0,playing_sport,6.0,std,3.0280340314816603
94.0,grade_9.0,6.0,count,0.17169291543219503
95.0,grade_6.0,6.0,count,0.16936431207443214
96.0,grade_8.0,6.0,count,0.16728520193357244
97.0,grade_5.0,6.0,count,0.16490462082228807
98.0,grade_7.0,6.0,count,0.16379229689692812
99.0,grade_4.0,6.0,count,0.16296065284058422
100.0,sex_2.0,6.0,count,0.5005353708612714
101.0,sex_1.0,6.0,count,0.49946462913872863
102.0,lowses_0.0,6.0,count,0.8948235559185512
103.0,lowses_1.0,6.0,count,0.10517644408144873
104.0,grade_rawcount_9.0,6.0,count,16516.0
105.0,grade_rawcount_6.0,6.0,count,16292.0
106.0,grade_rawcount_8.0,6.0,count,16092.0
107.0,grade_rawcount_5.0,6.0,count,15863.0
108.0,grade_rawcount_7.0,6.0,count,15756.0
109.0,grade_rawcount_4.0,6.0,count,15676.0
0.0,samplesize,7.0,samplesize,95846.0
1.0,math_level,7.0,count,90904.0
2.0,math_level,7.0,mean,0.23676965674744788
3.0,math_level,7.0,std,1.3444321646703692
4.0,kokugo_level,7.0,count,90898.0
5.0,kokugo_level,7.0,mean,0.29355505241633484
6.0,kokugo_level,7.0,std,1.6537456327394529
7.0,eng_level,7.0,count,28135.0
8.0,eng_level,7.0,mean,0.47859158492020615
9.0,eng_level,7.0,std,1.3498329548067522
10.0,strategy,7.0,count,66413.0
11.0,strategy,7.0,mean,84.97899507626519
12.0,strategy,7.0,std,15.049531592857598
13.0,selfcontrol,7.0,count,23521.0
14.0,selfcontrol,7.0,mean,31.2987968198631
15.0,selfcontrol,7.0,std,6.055406225489531
16.0,selfefficacy,7.0,count,19467.0
17.0,selfefficacy,7.0,mean,25.466019417475728
18.0,selfefficacy,7.0,std,6.855026151120954
19.0,dilligence,7.0,count,15629.0
20.0,dilligence,7.0,mean,42.52530552178642
21.0,dilligence,7.0,std,8.169363358002808
22.0,teacherrelation,7.0,count,95694.0
23.0,teacherrelation,7.0,mean,0.0043943164164176145
24.0,teacherrelation,7.0,std,0.9910190025477126
25.0,teacherrelation2,7.0,count,46921.0
26.0,teacherrelation2,7.0,mean,0.015232053590565595
27.0,teacherrelation2,7.0,std,0.7910045916061548
28.0,friendrelation,7.0,count,95768.0
29.0,friendrelation,7.0,mean,2.4215186701194553
30.0,friendrelation,7.0,std,0.7311284385679234
31.0,hoursprep,7.0,count,70012.0
32.0,hoursprep,7.0,mean,3.32757241615723
33.0,hoursprep,7.0,std,3.9181274413364093
34.0,hourshome,7.0,count,69659.0
35.0,hourshome,7.0,mean,6.2560473162118315
36.0,hourshome,7.0,std,5.478281759250514
37.0,studytime,7.0,count,69659.0
38.0,studytime,7.0,mean,9.57871918919307
39.0,studytime,7.0,std,6.353076452539577
40.0,cram,7.0,count,70012.0
41.0,cram,7.0,mean,0.577129634919728
42.0,cram,7.0,std,0.4940187297183179
43.0,zmath_level,7.0,count,90904.0
44.0,zmath_level,7.0,mean,0.03422589431118974
45.0,zmath_level,7.0,std,1.0078162632257548
46.0,zkokugo_level,7.0,count,90898.0
47.0,zkokugo_level,7.0,mean,0.036026594347585046
48.0,zkokugo_level,7.0,std,1.0018241587188417
49.0,zeng_level,7.0,count,28135.0
50.0,zeng_level,7.0,mean,0.015042645934741002
51.0,zeng_level,7.0,std,1.000995727356461
52.0,zfriendrelation,7.0,count,95768.0
53.0,zfriendrelation,7.0,mean,0.015559110499961802
54.0,zfriendrelation,7.0,std,0.9875752226939064
55.0,zstrategy,7.0,count,66413.0
56.0,zstrategy,7.0,mean,0.014978735238888033
57.0,zstrategy,7.0,std,0.985776694015987
58.0,zselfcontrol,7.0,count,23521.0
59.0,zselfcontrol,7.0,mean,0.03617447423832445
60.0,zselfcontrol,7.0,std,0.989427306428176
61.0,zselfefficacy,7.0,count,19467.0
62.0,zselfefficacy,7.0,mean,0.0031305770038996352
63.0,zselfefficacy,7.0,std,0.9994545913510192
64.0,zdilligence,7.0,count,15629.0
65.0,zdilligence,7.0,mean,-0.00030688905991309203
66.0,zdilligence,7.0,std,1.0003159877926464
67.0,teacherrelation_primitive,7.0,count,95694.0
68.0,teacherrelation_primitive,7.0,mean,2.383002069095241
69.0,teacherrelation_primitive,7.0,std,0.7895606426610863
70.0,teacherrelation2_primitive,7.0,count,46921.0
71.0,teacherrelation2_primitive,7.0,mean,2.440747923815207
72.0,teacherrelation2_primitive,7.0,std,0.5928349179770595
73.0,dilligence_scaled,7.0,count,15629.0
74.0,dilligence_scaled,7.0,mean,3.7327158093681856
75.0,dilligence_scaled,7.0,std,0.628412566000216
76.0,selfcontrol_scaled,7.0,count,23521.0
77.0,selfcontrol_scaled,7.0,mean,2.6641997728473643
78.0,selfcontrol_scaled,7.0,std,0.4325290161063951
79.0,selfefficacy_scaled,7.0,count,19467.0
80.0,selfefficacy_scaled,7.0,mean,2.247572815533981
81.0,selfefficacy_scaled,7.0,std,0.48964472508006807
82.0,reading_time_in_a_weekdays,7.0,count,18716.0
83.0,reading_time_in_a_weekdays,7.0,mean,4.106891607893425
84.0,reading_time_in_a_weekdays,7.0,std,3.773432898620998
85.0,smart_phone_gaming_tv_time,7.0,count,24596.0
86.0,smart_phone_gaming_tv_time,7.0,mean,5.115925353716052
87.0,smart_phone_gaming_tv_time,7.0,std,3.315042701533178
88.0,lesson_time,7.0,count,24660.0
89.0,lesson_time,7.0,mean,1.8439172749391728
90.0,lesson_time,7.0,std,1.8580199219556484
91.0,playing_sport,7.0,count,24587.0
92.0,playing_sport,7.0,mean,4.052405742872249
93.0,playing_sport,7.0,std,3.0180806677082836
94.0,grade_9.0,7.0,count,0.17152515493604323
95.0,grade_6.0,7.0,count,0.16949064123698432
96.0,grade_8.0,7.0,count,0.1679256306992467
97.0,grade_5.0,7.0,count,0.16557811489264027
98.0,grade_7.0,7.0,count,0.16409657158358198
99.0,grade_4.0,7.0,count,0.16138388665150347
100.0,sex_1.0,7.0,count,0.502650084510569
101.0,sex_2.0,7.0,count,0.49734991548943097
102.0,lowses_0.0,7.0,count,0.8928616836424768
103.0,lowses_1.0,7.0,count,0.10713831635752327
104.0,grade_rawcount_9.0,7.0,count,16440.0
105.0,grade_rawcount_6.0,7.0,count,16245.0
106.0,grade_rawcount_8.0,7.0,count,16095.0
107.0,grade_rawcount_5.0,7.0,count,15870.0
108.0,grade_rawcount_7.0,7.0,count,15728.0
109.0,grade_rawcount_4.0,7.0,count,15468.0
0.0,samplesize,8.0,samplesize,96813.0
1.0,math_level,8.0,count,91897.0
2.0,math_level,8.0,mean,0.2700062239214555
3.0,math_level,8.0,std,1.3386095841922816
4.0,kokugo_level,8.0,count,91898.0
5.0,kokugo_level,8.0,mean,0.33784116521893837
6.0,kokugo_level,8.0,std,1.6506064047496851
7.0,eng_level,8.0,count,28565.0
8.0,eng_level,8.0,mean,0.5115963107435674
9.0,eng_level,8.0,std,1.3577427278020056
10.0,strategy,8.0,count,66988.0
11.0,strategy,8.0,mean,85.256433988177
12.0,strategy,8.0,std,15.101749327244727
13.0,selfcontrol,8.0,count,23491.0
14.0,selfcontrol,8.0,mean,31.306713209314207
15.0,selfcontrol,8.0,std,6.096154219476503
16.0,selfefficacy,8.0,count,19583.0
17.0,selfefficacy,8.0,mean,25.64760251238319
18.0,selfefficacy,8.0,std,6.788227149154171
19.0,dilligence,8.0,count,15976.0
20.0,dilligence,8.0,mean,42.76220580871307
21.0,dilligence,8.0,std,8.028258463141603
22.0,teacherrelation,8.0,count,96667.0
23.0,teacherrelation,8.0,mean,0.014463222824503187
24.0,teacherrelation,8.0,std,0.9872761020975377
25.0,teacherrelation2,8.0,count,47538.0
26.0,teacherrelation2,8.0,mean,0.02458539235591066
27.0,teacherrelation2,8.0,std,0.7860974586428333
28.0,friendrelation,8.0,count,96718.0
29.0,friendrelation,8.0,mean,2.429578775408921
30.0,friendrelation,8.0,std,0.729386257037086
31.0,hoursprep,8.0,count,70732.0
32.0,hoursprep,8.0,mean,3.3215941865068146
33.0,hoursprep,8.0,std,3.9155339702533287
34.0,hourshome,8.0,count,70347.0
35.0,hourshome,8.0,mean,6.272797702816041
36.0,hourshome,8.0,std,5.50859911781673
37.0,studytime,8.0,count,70347.0
38.0,studytime,8.0,mean,9.587238972521927
39.0,studytime,8.0,std,6.3854821978593606
40.0,cram,8.0,count,70732.0
41.0,cram,8.0,mean,0.5787338121359498
42.0,cram,8.0,std,0.4937655655293791
43.0,zmath_level,8.0,count,91897.0
44.0,zmath_level,8.0,mean,0.0597239620486822
45.0,zmath_level,8.0,std,0.9991226842692524
46.0,zkokugo_level,8.0,count,91898.0
47.0,zkokugo_level,8.0,mean,0.06519660831320775
48.0,zkokugo_level,8.0,std,1.000174982411937
49.0,zeng_level,8.0,count,28565.0
50.0,zeng_level,8.0,mean,0.03982510420284007
51.0,zeng_level,8.0,std,1.0093629415419119
52.0,zfriendrelation,8.0,count,96718.0
53.0,zfriendrelation,8.0,mean,0.026343525196166628
54.0,zfriendrelation,8.0,std,0.9851678104444164
55.0,zstrategy,8.0,count,66988.0
56.0,zstrategy,8.0,mean,0.0336448210462967
57.0,zstrategy,8.0,std,0.9885888621155174
58.0,zselfcontrol,8.0,count,23491.0
59.0,zselfcontrol,8.0,mean,0.0396779892365542
60.0,zselfcontrol,8.0,std,0.9942344648548826
61.0,zselfefficacy,8.0,count,19583.0
62.0,zselfefficacy,8.0,mean,0.0336121075977062
63.0,zselfefficacy,8.0,std,0.9884268046019893
64.0,zdilligence,8.0,count,15976.0
65.0,zdilligence,8.0,mean,0.026317698269278027
66.0,zdilligence,8.0,std,0.9836272446642843
67.0,teacherrelation_primitive,8.0,count,96667.0
68.0,teacherrelation_primitive,8.0,mean,2.391436581253168
69.0,teacherrelation_primitive,8.0,std,0.7853124285739888
70.0,teacherrelation2_primitive,8.0,count,47538.0
71.0,teacherrelation2_primitive,8.0,mean,2.447137027220329
72.0,teacherrelation2_primitive,8.0,std,0.5890528679139664
73.0,dilligence_scaled,8.0,count,15976.0
74.0,dilligence_scaled,8.0,mean,3.750938908362544
75.0,dilligence_scaled,8.0,std,0.6175583433185847
76.0,selfcontrol_scaled,8.0,count,23491.0
77.0,selfcontrol_scaled,8.0,mean,2.6647652292367288
78.0,selfcontrol_scaled,8.0,std,0.4354395871054645
79.0,selfefficacy_scaled,8.0,count,19583.0
80.0,selfefficacy_scaled,8.0,mean,2.2605430365987993
81.0,selfefficacy_scaled,8.0,std,0.48487336779672646
82.0,reading_time_in_a_weekdays,8.0,count,18904.0
83.0,reading_time_in_a_weekdays,8.0,mean,4.0810278247989835
84.0,reading_time_in_a_weekdays,8.0,std,3.7216928323143
85.0,smart_phone_gaming_tv_time,8.0,count,24808.0
86.0,smart_phone_gaming_tv_time,8.0,mean,5.10849322799097
87.0,smart_phone_gaming_tv_time,8.0,std,3.282789944372959
88.0,lesson_time,8.0,count,24854.0
89.0,lesson_time,8.0,mean,1.8433652530779754
90.0,lesson_time,8.0,std,1.8538383779582992
91.0,playing_sport,8.0,count,24796.0
92.0,playing_sport,8.0,mean,4.063820777544765
93.0,playing_sport,8.0,std,3.0274988503632523
94.0,grade_9.0,8.0,count,0.1710410791939099
95.0,grade_8.0,8.0,count,0.16917149556361233
96.0,grade_6.0,8.0,count,0.16902688688502576
97.0,grade_7.0,8.0,count,0.16559759536425894
98.0,grade_5.0,8.0,count,0.1638829496038755
99.0,grade_4.0,8.0,count,0.16127999338931756
100.0,sex_1.0,8.0,count,0.5022156115397726
101.0,sex_2.0,8.0,count,0.49778438846022743
102.0,lowses_0.0,8.0,count,0.8933171120526912
103.0,lowses_1.0,8.0,count,0.1066828879473088
104.0,grade_rawcount_9.0,8.0,count,16559.0
105.0,grade_rawcount_8.0,8.0,count,16378.0
106.0,grade_rawcount_6.0,8.0,count,16364.0
107.0,grade_rawcount_7.0,8.0,count,16032.0
108.0,grade_rawcount_5.0,8.0,count,15866.0
109.0,grade_rawcount_4.0,8.0,count,15614.0
0.0,samplesize,9.0,samplesize,91338.0
1.0,math_level,9.0,count,86808.0
2.0,math_level,9.0,mean,0.2678217189965211
3.0,math_level,9.0,std,1.3419333524513002
4.0,kokugo_level,9.0,count,86808.0
5.0,kokugo_level,9.0,mean,0.33565480248421803
6.0,kokugo_level,9.0,std,1.65746865010537
7.0,eng_level,9.0,count,25929.0
8.0,eng_level,9.0,mean,0.49971762900651784
9.0,eng_level,9.0,std,1.3509693895817843
10.0,strategy,9.0,count,63776.0
11.0,strategy,9.0,mean,85.40719079277471
12.0,strategy,9.0,std,15.043842194147272
13.0,selfcontrol,9.0,count,22746.0
14.0,selfcontrol,9.0,mean,31.160423810779918
15.0,selfcontrol,9.0,std,6.131079406562807
16.0,selfefficacy,9.0,count,18745.0
17.0,selfefficacy,9.0,mean,25.81835156041611
18.0,selfefficacy,9.0,std,6.835994429419424
19.0,dilligence,9.0,count,14743.0
20.0,dilligence,9.0,mean,42.79488570847182
21.0,dilligence,9.0,std,8.145359537541774
22.0,teacherrelation,9.0,count,91222.0
23.0,teacherrelation,9.0,mean,0.016032544315329387
24.0,teacherrelation,9.0,std,0.9851762437314842
25.0,teacherrelation2,9.0,count,45346.0
26.0,teacherrelation2,9.0,mean,0.02122886853482383
27.0,teacherrelation2,9.0,std,0.7876533134704615
28.0,friendrelation,9.0,count,91278.0
29.0,friendrelation,9.0,mean,2.439306295054668
30.0,friendrelation,9.0,std,0.7217117661069659
31.0,hoursprep,9.0,count,67239.0
32.0,hoursprep,9.0,mean,3.3398622823063997
33.0,hoursprep,9.0,std,3.941229718885653
34.0,hourshome,9.0,count,66869.0
35.0,hourshome,9.0,mean,6.244425668097325
36.0,hourshome,9.0,std,5.490987744646036
37.0,studytime,9.0,count,66869.0
38.0,studytime,9.0,mean,9.578242533909584
39.0,studytime,9.0,std,6.382146836703004
40.0,cram,9.0,count,67239.0
41.0,cram,9.0,mean,0.5778937818825384
42.0,cram,9.0,std,0.49389896400107663
43.0,zmath_level,9.0,count,86808.0
44.0,zmath_level,9.0,mean,0.07196396855003237
45.0,zmath_level,9.0,std,1.00804815771471
46.0,zkokugo_level,9.0,count,86808.0
47.0,zkokugo_level,9.0,mean,0.07850062778314679
48.0,zkokugo_level,9.0,std,1.0077188466368576
49.0,zeng_level,9.0,count,25929.0
50.0,zeng_level,9.0,mean,0.030052784600780973
51.0,zeng_level,9.0,std,1.0056436061902199
52.0,zfriendrelation,9.0,count,91278.0
53.0,zfriendrelation,9.0,mean,0.03817772158489137
54.0,zfriendrelation,9.0,std,0.9758573429915502
55.0,zstrategy,9.0,count,63776.0
56.0,zstrategy,9.0,mean,0.040557120194825415
57.0,zstrategy,9.0,std,0.9858964063371086
58.0,zselfcontrol,9.0,count,22746.0
59.0,zselfcontrol,9.0,mean,0.010023193318144077
60.0,zselfcontrol,9.0,std,0.9993527198788051
61.0,zselfefficacy,9.0,count,18745.0
62.0,zselfefficacy,9.0,mean,0.04764662881065678
63.0,zselfefficacy,9.0,std,0.9989646843049498
64.0,zdilligence,9.0,count,14743.0
65.0,zdilligence,9.0,mean,0.029864912910835064
66.0,zdilligence,9.0,std,0.9980950618687209
67.0,teacherrelation_primitive,9.0,count,91222.0
68.0,teacherrelation_primitive,9.0,mean,2.3948170397491833
69.0,teacherrelation_primitive,9.0,std,0.7828157165831923
70.0,teacherrelation2_primitive,9.0,count,45346.0
71.0,teacherrelation2_primitive,9.0,mean,2.4467134183095895
72.0,teacherrelation2_primitive,9.0,std,0.5896184655883528
73.0,dilligence_scaled,9.0,count,14743.0
74.0,dilligence_scaled,9.0,mean,3.7534527468055243
75.0,dilligence_scaled,9.0,std,0.6265661182724441
76.0,selfcontrol_scaled,9.0,count,22746.0
77.0,selfcontrol_scaled,9.0,mean,2.6543159864842796
78.0,selfcontrol_scaled,9.0,std,0.43793424332591485
79.0,selfefficacy_scaled,9.0,count,18745.0
80.0,selfefficacy_scaled,9.0,mean,2.2727393971725793
81.0,selfefficacy_scaled,9.0,std,0.4882853163871017
82.0,reading_time_in_a_weekdays,9.0,count,17620.0
83.0,reading_time_in_a_weekdays,9.0,mean,4.088389141127506
84.0,reading_time_in_a_weekdays,9.0,std,3.7318752946829803
85.0,smart_phone_gaming_tv_time,9.0,count,22924.0
86.0,smart_phone_gaming_tv_time,9.0,mean,5.111346187401851
87.0,smart_phone_gaming_tv_time,9.0,std,3.285602240321568
88.0,lesson_time,9.0,count,22977.0
89.0,lesson_time,9.0,mean,1.8746355050702876
90.0,lesson_time,9.0,std,1.8639429966118903
91.0,playing_sport,9.0,count,22937.0
92.0,playing_sport,9.0,mean,4.139033003444217
93.0,playing_sport,9.0,std,3.019582233351167
94.0,grade_6.0,9.0,count,0.1724254965074777
95.0,grade_5.0,9.0,count,0.16954608158707218
96.0,grade_4.0,9.0,count,0.16738925748319428
97.0,grade_9.0,9.0,count,0.16463027436554337
98.0,grade_8.0,9.0,count,0.16303181589261861
99.0,grade_7.0,9.0,count,0.1629770741640938
100.0,sex_1.0,9.0,count,0.5108498105936193
101.0,sex_2.0,9.0,count,0.4891501894063807
102.0,lowses_0.0,9.0,count,0.892298860725956
103.0,lowses_1.0,9.0,count,0.10770113927404398
104.0,grade_rawcount_6.0,9.0,count,15749.0
105.0,grade_rawcount_5.0,9.0,count,15486.0
106.0,grade_rawcount_4.0,9.0,count,15289.0
107.0,grade_rawcount_9.0,9.0,count,15037.0
108.0,grade_rawcount_8.0,9.0,count,14891.0
109.0,grade_rawcount_7.0,9.0,count,14886.0
0.0,samplesize,10.0,samplesize,94636.0
1.0,math_level,10.0,count,89919.0
2.0,math_level,10.0,mean,0.31279324823518945
3.0,math_level,10.0,std,1.3686929773682528
4.0,kokugo_level,10.0,count,89898.0
5.0,kokugo_level,10.0,mean,0.39176876426661317
6.0,kokugo_level,10.0,std,1.6501226922404852
7.0,eng_level,10.0,count,27467.0
8.0,eng_level,10.0,mean,0.5309458885924928
9.0,eng_level,10.0,std,1.355040690338721
10.0,strategy,10.0,count,65858.0
11.0,strategy,10.0,mean,85.52232075070606
12.0,strategy,10.0,std,15.088043381335698
13.0,selfcontrol,10.0,count,23708.0
14.0,selfcontrol,10.0,mean,31.292390754175806
15.0,selfcontrol,10.0,std,6.103020001267348
16.0,selfefficacy,10.0,count,18999.0
17.0,selfefficacy,10.0,mean,25.914837623032792
18.0,selfefficacy,10.0,std,6.82508288280802
19.0,dilligence,10.0,count,15377.0
20.0,dilligence,10.0,mean,42.95727385055603
21.0,dilligence,10.0,std,8.028990011260726
22.0,teacherrelation,10.0,count,94503.0
23.0,teacherrelation,10.0,mean,0.015313491822402618
24.0,teacherrelation,10.0,std,0.9905934201323773
25.0,teacherrelation2,10.0,count,46672.0
26.0,teacherrelation2,10.0,mean,0.028762074686828887
27.0,teacherrelation2,10.0,std,0.7873481883078594
28.0,friendrelation,10.0,count,94566.0
29.0,friendrelation,10.0,mean,2.4457838969608527
30.0,friendrelation,10.0,std,0.7178011952560004
31.0,hoursprep,10.0,count,69473.0
32.0,hoursprep,10.0,mean,3.343097318382681
33.0,hoursprep,10.0,std,3.9406436591205
34.0,hourshome,10.0,count,69142.0
35.0,hourshome,10.0,mean,6.252867287611004
36.0,hourshome,10.0,std,5.489717894469373
37.0,studytime,10.0,count,69142.0
38.0,studytime,10.0,mean,9.59302233085534
39.0,studytime,10.0,std,6.409916169336421
40.0,cram,10.0,count,69473.0
41.0,cram,10.0,mean,0.5770731075381803
42.0,cram,10.0,std,0.49402757935222924
43.0,zmath_level,10.0,count,89919.0
44.0,zmath_level,10.0,mean,0.10109308939909059
45.0,zmath_level,10.0,std,1.0335751413366632
46.0,zkokugo_level,10.0,count,89898.0
47.0,zkokugo_level,10.0,mean,0.10816650898015807
48.0,zkokugo_level,10.0,std,1.0064946278022429
49.0,zeng_level,10.0,count,27467.0
50.0,zeng_level,10.0,mean,0.05536046163984977
51.0,zeng_level,10.0,std,1.0099708674415355
52.0,zfriendrelation,10.0,count,94566.0
53.0,zfriendrelation,10.0,mean,0.04665259086391731
54.0,zfriendrelation,10.0,std,0.9722882449667131
55.0,zstrategy,10.0,count,65858.0
56.0,zstrategy,10.0,mean,0.049465740178910506
57.0,zstrategy,10.0,std,0.9885275610102797
58.0,zselfcontrol,10.0,count,23708.0
59.0,zselfcontrol,10.0,mean,0.03527165640664595
60.0,zselfcontrol,10.0,std,0.9948357101258875
61.0,zselfefficacy,10.0,count,18999.0
62.0,zselfefficacy,10.0,mean,0.06790584958390054
63.0,zselfefficacy,10.0,std,0.9964144348838181
64.0,zdilligence,10.0,count,15377.0
65.0,zdilligence,10.0,mean,0.04953770582409701
66.0,zdilligence,10.0,std,0.9826830062969776
67.0,teacherrelation_primitive,10.0,count,94503.0
68.0,teacherrelation_primitive,10.0,mean,2.393035141741532
69.0,teacherrelation_primitive,10.0,std,0.7877585548724545
70.0,teacherrelation2_primitive,10.0,count,46672.0
71.0,teacherrelation2_primitive,10.0,mean,2.4506484973145928
72.0,teacherrelation2_primitive,10.0,std,0.5911476219314867
73.0,dilligence_scaled,10.0,count,15377.0
74.0,dilligence_scaled,10.0,mean,3.765944142350464
75.0,dilligence_scaled,10.0,std,0.6176146162508251
76.0,selfcontrol_scaled,10.0,count,23708.0
77.0,selfcontrol_scaled,10.0,mean,2.6637421967268438
78.0,selfcontrol_scaled,10.0,std,0.4359300000905248
79.0,selfefficacy_scaled,10.0,count,18999.0
80.0,selfefficacy_scaled,10.0,mean,2.279631258788056
81.0,selfefficacy_scaled,10.0,std,0.4875059202005728
82.0,reading_time_in_a_weekdays,10.0,count,18239.0
83.0,reading_time_in_a_weekdays,10.0,mean,4.123887457280187
84.0,reading_time_in_a_weekdays,10.0,std,3.7835323213730865
85.0,smart_phone_gaming_tv_time,10.0,count,24008.0
86.0,smart_phone_gaming_tv_time,10.0,mean,5.124446017994003
87.0,smart_phone_gaming_tv_time,10.0,std,3.2920324287680733
88.0,lesson_time,10.0,count,24072.0
89.0,lesson_time,10.0,mean,1.8974119308740445
90.0,lesson_time,10.0,std,1.871593633661504
91.0,playing_sport,10.0,count,24005.0
92.0,playing_sport,10.0,mean,4.14080399916684
93.0,playing_sport,10.0,std,3.019765488607182
94.0,grade_6.0,10.0,count,0.1718479225664652
95.0,grade_9.0,10.0,count,0.16792763853079168
96.0,grade_5.0,10.0,count,0.16669132254110486
97.0,grade_8.0,10.0,count,0.16646941967116108
98.0,grade_7.0,10.0,count,0.164472293841667
99.0,grade_4.0,10.0,count,0.16259140284881018
100.0,sex_1.0,10.0,count,0.5044063569888837
101.0,sex_2.0,10.0,count,0.4955936430111163
102.0,lowses_0.0,10.0,count,0.8926826488896485
103.0,lowses_1.0,10.0,count,0.10731735111035141
104.0,grade_rawcount_6.0,10.0,count,16263.0
105.0,grade_rawcount_9.0,10.0,count,15892.0
106.0,grade_rawcount_5.0,10.0,count,15775.0
107.0,grade_rawcount_8.0,10.0,count,15754.0
108.0,grade_rawcount_7.0,10.0,count,15565.0
109.0,grade_rawcount_4.0,10.0,count,15387.0
0.0,samplesize,11.0,samplesize,88980.0
1.0,math_level,11.0,count,84581.0
2.0,math_level,11.0,mean,0.29540762113583424
3.0,math_level,11.0,std,1.34809829811489
4.0,kokugo_level,11.0,count,84574.0
5.0,kokugo_level,11.0,mean,0.3765987329613119
6.0,kokugo_level,11.0,std,1.64729503360952
7.0,eng_level,11.0,count,25547.0
8.0,eng_level,11.0,mean,0.5011937786025756
9.0,eng_level,11.0,std,1.342526660102314
10.0,strategy,11.0,count,62098.0
11.0,strategy,11.0,mean,85.33307030822249
12.0,strategy,11.0,std,15.111911681215377
13.0,selfcontrol,11.0,count,22143.0
14.0,selfcontrol,11.0,mean,31.19297294856162
15.0,selfcontrol,11.0,std,6.122741276163692
16.0,selfefficacy,11.0,count,17890.0
17.0,selfefficacy,11.0,mean,25.756679709334826
18.0,selfefficacy,11.0,std,6.843367196922372
19.0,dilligence,11.0,count,14384.0
20.0,dilligence,11.0,mean,42.75076473859844
21.0,dilligence,11.0,std,8.19856937369451
22.0,teacherrelation,11.0,count,88865.0
23.0,teacherrelation,11.0,mean,0.014886204092953558
24.0,teacherrelation,11.0,std,0.9882853521908762
25.0,teacherrelation2,11.0,count,44210.0
26.0,teacherrelation2,11.0,mean,0.029441361635575043
27.0,teacherrelation2,11.0,std,0.7819596349919364
28.0,friendrelation,11.0,count,88916.0
29.0,friendrelation,11.0,mean,2.44423950695038
30.0,friendrelation,11.0,std,0.7178960076413052
31.0,hoursprep,11.0,count,65489.0
32.0,hoursprep,11.0,mean,3.235642627006062
33.0,hoursprep,11.0,std,3.8962141123214327
34.0,hourshome,11.0,count,65174.0
35.0,hourshome,11.0,mean,6.235404455764568
36.0,hourshome,11.0,std,5.50835538921806
37.0,studytime,11.0,count,65174.0
38.0,studytime,11.0,mean,9.467859115598245
39.0,studytime,11.0,std,6.39403506040436
40.0,cram,11.0,count,65489.0
41.0,cram,11.0,mean,0.565117806043763
42.0,cram,11.0,std,0.49574532179297803
43.0,zmath_level,11.0,count,84581.0
44.0,zmath_level,11.0,mean,0.09358012659752234
45.0,zmath_level,11.0,std,1.0218532777876614
46.0,zkokugo_level,11.0,count,84574.0
47.0,zkokugo_level,11.0,mean,0.10348729136150335
48.0,zkokugo_level,11.0,std,1.006197727895414
49.0,zeng_level,11.0,count,25547.0
50.0,zeng_level,11.0,mean,0.03252666289366851
51.0,zeng_level,11.0,std,1.0020793054837853
52.0,zfriendrelation,11.0,count,88916.0
53.0,zfriendrelation,11.0,mean,0.0460072623801291
54.0,zfriendrelation,11.0,std,0.969942472510609
55.0,zstrategy,11.0,count,62098.0
56.0,zstrategy,11.0,mean,0.036608275473687835
57.0,zstrategy,11.0,std,0.9899790776713109
58.0,zselfcontrol,11.0,count,22143.0
59.0,zselfcontrol,11.0,mean,0.01719404705878322
60.0,zselfcontrol,11.0,std,0.9986622207918002
61.0,zselfefficacy,11.0,count,17890.0
62.0,zselfefficacy,11.0,mean,0.04269866237602954
63.0,zselfefficacy,11.0,std,0.9972181799513611
64.0,zdilligence,11.0,count,14384.0
65.0,zdilligence,11.0,mean,0.024648451072430782
66.0,zdilligence,11.0,std,1.0030791044351184
67.0,teacherrelation_primitive,11.0,count,88865.0
68.0,teacherrelation_primitive,11.0,mean,2.393552017104597
69.0,teacherrelation_primitive,11.0,std,0.7855953089774129
70.0,teacherrelation2_primitive,11.0,count,44210.0
71.0,teacherrelation2_primitive,11.0,mean,2.452039508406846
72.0,teacherrelation2_primitive,11.0,std,0.5869482149851856
73.0,dilligence_scaled,11.0,count,14384.0
74.0,dilligence_scaled,11.0,mean,3.750058826046034
75.0,dilligence_scaled,11.0,std,0.6306591825918856
76.0,selfcontrol_scaled,11.0,count,22143.0
77.0,selfcontrol_scaled,11.0,mean,2.656640924897259
78.0,selfcontrol_scaled,11.0,std,0.4373386625831209
79.0,selfefficacy_scaled,11.0,count,17890.0
80.0,selfefficacy_scaled,11.0,mean,2.268334264952487
81.0,selfefficacy_scaled,11.0,std,0.48881194263731226
82.0,reading_time_in_a_weekdays,11.0,count,17012.0
83.0,reading_time_in_a_weekdays,11.0,mean,4.107473156203464
84.0,reading_time_in_a_weekdays,11.0,std,3.7748242383959894
85.0,smart_phone_gaming_tv_time,11.0,count,22367.0
86.0,smart_phone_gaming_tv_time,11.0,mean,5.16433585192471
87.0,smart_phone_gaming_tv_time,11.0,std,3.310496158006206
88.0,lesson_time,11.0,count,22426.0
89.0,lesson_time,11.0,mean,1.8847320074913048
90.0,lesson_time,11.0,std,1.8692552394008224
91.0,playing_sport,11.0,count,22375.0
92.0,playing_sport,11.0,mean,4.128581005586592
93.0,playing_sport,11.0,std,3.0220989082656238
94.0,grade_6.0,11.0,count,0.17082490447291526
95.0,grade_5.0,11.0,count,0.16870083164756125
96.0,grade_4.0,11.0,count,0.16712744436952123
97.0,grade_9.0,11.0,count,0.1658574960665318
98.0,grade_8.0,11.0,count,0.1648347943358058
99.0,grade_7.0,11.0,count,0.16265452910766465
100.0,sex_1.0,11.0,count,0.5065070802427512
101.0,sex_2.0,11.0,count,0.4934929197572488
102.0,lowses_0.0,11.0,count,0.8895287325050634
103.0,lowses_1.0,11.0,count,0.11047126749493667
104.0,grade_rawcount_6.0,11.0,count,15200.0
105.0,grade_rawcount_5.0,11.0,count,15011.0
106.0,grade_rawcount_4.0,11.0,count,14871.0
107.0,grade_rawcount_9.0,11.0,count,14758.0
108.0,grade_rawcount_8.0,11.0,count,14667.0
109.0,grade_rawcount_7.0,11.0,count,14473.0
