"","data_name","no_have_data","name","fm","r.squared","adj.r.squared","sigma","statistic","p.value","df","logLik","AIC","BIC","deviance","df.residual"
"1","8_9",FALSE,"gakuryoku_between_grade8_9","gakuryoku ~ 1 + distance_cutoff + I(distance_cutoff^2) + upper_cutoff +      distance_cutoff * upper_cutoff + I(distance_cutoff^2) * upper_cutoff",0.0410611838344325,0.0410435729223868,1.12868053916376,2331.57622545981,0,6,-419278.703591453,838571.407182906,838645.008849435,346833.571958654,272257
"2","7_8",FALSE,"gakuryoku_between_grade7_8","gakuryoku ~ 1 + distance_cutoff + I(distance_cutoff^2) + upper_cutoff +      distance_cutoff * upper_cutoff + I(distance_cutoff^2) * upper_cutoff",0.0246701310836447,0.0246518858862345,1.06657296705789,1352.14382881294,0,6,-396492.101132237,792998.202264475,793071.674890907,304056.36983558,267284
"3","6_7",FALSE,"gakuryoku_between_grade6_7","gakuryoku ~ 1 + distance_cutoff + I(distance_cutoff^2) + upper_cutoff +      distance_cutoff * upper_cutoff + I(distance_cutoff^2) * upper_cutoff",0.0329625733740141,0.0329447203533957,1.13945862636441,1846.33032575628,0,6,-419659.807870253,839333.615740506,839407.180699297,351640.348368671,270833
"4","5_6",FALSE,"gakuryoku_between_grade5_6","gakuryoku ~ 1 + distance_cutoff + I(distance_cutoff^2) + upper_cutoff +      distance_cutoff * upper_cutoff + I(distance_cutoff^2) * upper_cutoff",0.0396058761573253,0.0395883672674832,1.19960148826946,2262.04382541834,0,6,-439075.501907057,878165.003814115,878238.656764614,394670.694526619,274259
"5","4_5",FALSE,"gakuryoku_between_grade4_5","gakuryoku ~ 1 + distance_cutoff + I(distance_cutoff^2) + upper_cutoff +      distance_cutoff * upper_cutoff + I(distance_cutoff^2) * upper_cutoff",0.059030558452276,0.0590132195938853,1.2756657363877,3404.52393820642,0,6,-451096.051128598,902206.102257196,902279.680488043,441569.233344894,271347
"6","8_9",FALSE,"kokugo_level_between_grade8_9","kokugo_level ~ 1 + distance_cutoff + I(distance_cutoff^2) + upper_cutoff +      distance_cutoff * upper_cutoff + I(distance_cutoff^2) * upper_cutoff",0.0357928869950517,0.0357751814117743,1.23654762467014,2021.55932590504,0,6,-444181.447086775,888376.89417355,888450.496662765,416343.503095159,272289
"7","7_8",FALSE,"kokugo_level_between_grade7_8","kokugo_level ~ 1 + distance_cutoff + I(distance_cutoff^2) + upper_cutoff +      distance_cutoff * upper_cutoff + I(distance_cutoff^2) * upper_cutoff",0.0234532526773553,0.023434985877992,1.18440705844874,1283.92786338133,0,6,-424528.847730703,849071.695461406,849145.168533033,374975.210231663,267301
"8","6_7",FALSE,"kokugo_level_between_grade6_7","kokugo_level ~ 1 + distance_cutoff + I(distance_cutoff^2) + upper_cutoff +      distance_cutoff * upper_cutoff + I(distance_cutoff^2) * upper_cutoff",0.0345930908579782,0.0345752686631143,1.30105855336645,1941.01181825288,0,6,-455598.318495529,911210.636991059,911284.202234146,458472.090843001,270844
"9","5_6",FALSE,"kokugo_level_between_grade5_6","kokugo_level ~ 1 + distance_cutoff + I(distance_cutoff^2) + upper_cutoff +      distance_cutoff * upper_cutoff + I(distance_cutoff^2) * upper_cutoff",0.038801860974251,0.0387843383848145,1.44776528987088,2214.39080763069,0,6,-490672.872352547,981359.744705095,981433.398038425,574884.978335714,274274
"10","4_5",FALSE,"kokugo_level_between_grade4_5","kokugo_level ~ 1 + distance_cutoff + I(distance_cutoff^2) + upper_cutoff +      distance_cutoff * upper_cutoff + I(distance_cutoff^2) * upper_cutoff",0.0469066961221137,0.0468891345741977,1.62495221111236,2670.9887047817,0,6,-516787.198475082,1033588.39695016,1033661.97546477,716512.573704562,271358
"11","8_9",FALSE,"math_level_between_grade8_9","math_level ~ 1 + distance_cutoff + I(distance_cutoff^2) + upper_cutoff +      distance_cutoff * upper_cutoff + I(distance_cutoff^2) * upper_cutoff",0.033434506256158,0.0334167605597487,1.23077565584809,1884.09096408374,0,6,-442987.152749738,885988.305499476,886061.909248241,412539.975833373,272338
"12","7_8",FALSE,"math_level_between_grade7_8","math_level ~ 1 + distance_cutoff + I(distance_cutoff^2) + upper_cutoff +      distance_cutoff * upper_cutoff + I(distance_cutoff^2) * upper_cutoff",0.01760086997284,0.0175824957639,1.16264728785427,957.911713659438,0,6,-419619.336131325,839252.672262649,839326.146119846,361364.335984936,267331
"13","6_7",FALSE,"math_level_between_grade6_7","math_level ~ 1 + distance_cutoff + I(distance_cutoff^2) + upper_cutoff +      distance_cutoff * upper_cutoff + I(distance_cutoff^2) * upper_cutoff",0.0201995800974639,0.0201814930548565,1.21907314997867,1116.79839186087,0,6,-437990.431654539,875994.863309079,876068.428888138,402531.24456837,270857
"14","5_6",FALSE,"math_level_between_grade5_6","math_level ~ 1 + distance_cutoff + I(distance_cutoff^2) + upper_cutoff +      distance_cutoff * upper_cutoff + I(distance_cutoff^2) * upper_cutoff",0.0262125750569938,0.0261948243246629,1.19793001317365,1476.70386597546,0,6,-438750.669127004,877515.338254008,877588.992123265,393623.286424003,274295
"15","4_5",FALSE,"math_level_between_grade4_5","math_level ~ 1 + distance_cutoff + I(distance_cutoff^2) + upper_cutoff +      distance_cutoff * upper_cutoff + I(distance_cutoff^2) * upper_cutoff",0.0529988752327106,0.0529814274171899,1.17894781323731,3037.56508484879,0,6,-429754.83927518,859523.67855036,859597.257658238,377197.322194891,271381
"16","8_9",FALSE,"eng_level_between_grade8_9","eng_level ~ 1 + distance_cutoff + I(distance_cutoff^2) + upper_cutoff +      distance_cutoff * upper_cutoff + I(distance_cutoff^2) * upper_cutoff",0.0799446291967271,0.0799277374667361,1.21225583729443,4732.76740981338,0,6,-438859.584422565,877733.168845129,877806.772619596,400219.648763703,272339
"17","7_8",FALSE,"eng_level_between_grade7_8","eng_level ~ 1 + distance_cutoff + I(distance_cutoff^2) + upper_cutoff +      distance_cutoff * upper_cutoff + I(distance_cutoff^2) * upper_cutoff",0.0021515158418933,0.00213670041719682,1.13073873856696,145.221340998938,9.97857325809187e-64,3,-207691.059681833,415390.119363667,415429.36279298,172228.50606287,134704
"18","8_9",FALSE,"strategy_z_between_grade8_9","strategy_z ~ 1 + distance_cutoff + I(distance_cutoff^2) + upper_cutoff +      distance_cutoff * upper_cutoff + I(distance_cutoff^2) * upper_cutoff",0.00188024744312497,0.00186101236485359,1.01181818664133,97.7509639722927,2.67902980550185e-103,6,-371201.729985181,742417.459970362,742490.724448173,265621.765637298,259453
"19","7_8",FALSE,"strategy_z_between_grade7_8","strategy_z ~ 1 + distance_cutoff + I(distance_cutoff^2) + upper_cutoff +      distance_cutoff * upper_cutoff + I(distance_cutoff^2) * upper_cutoff",0.0227462217726691,0.0227269327778004,0.985495572280503,1179.23312891821,0,6,-355748.36217666,711510.72435332,711583.821353019,246023.798600904,253319
"20","6_7",FALSE,"strategy_z_between_grade6_7","strategy_z ~ 1 + distance_cutoff + I(distance_cutoff^2) + upper_cutoff +      distance_cutoff * upper_cutoff + I(distance_cutoff^2) * upper_cutoff",0.00338425126108187,0.00336470854960313,0.971563072675171,173.172042414064,1.34786927926766e-184,6,-354455.907268011,708925.814536022,708998.957393275,240688.272110568,254984
"21","5_6",FALSE,"strategy_z_between_grade5_6","strategy_z ~ 1 + distance_cutoff + I(distance_cutoff^2) + upper_cutoff +      distance_cutoff * upper_cutoff + I(distance_cutoff^2) * upper_cutoff",0.00225039498017419,0.00223083064864571,0.990569430640166,115.02539593051,6.58655084237954e-122,6,-359407.300726075,718828.601452149,718901.744529016,250205.238391914,254992
"22","4_5",FALSE,"strategy_z_between_grade4_5","strategy_z ~ 1 + distance_cutoff + I(distance_cutoff^2) + upper_cutoff +      distance_cutoff * upper_cutoff + I(distance_cutoff^2) * upper_cutoff",0.00229101018276962,0.00227061656121608,0.979528753295872,112.339545810946,5.23137662425698e-119,6,-342036.702198326,684087.404396653,684160.256596892,234700.444304782,244613
"23","8_9",FALSE,"selfcontrol_z_between_grade8_9","selfcontrol_z ~ 1 + distance_cutoff + I(distance_cutoff^2) +      upper_cutoff + distance_cutoff * upper_cutoff + I(distance_cutoff^2) *      upper_cutoff",0.000798569021794932,0.000742790092323586,1.02310952379365,14.3166788850783,4.86045273873966e-14,6,-129143.456281502,258300.912563003,258366.732305651,93755.5814527576,89568
"24","7_8",FALSE,"selfcontrol_z_between_grade7_8","selfcontrol_z ~ 1 + distance_cutoff + I(distance_cutoff^2) +      upper_cutoff + distance_cutoff * upper_cutoff + I(distance_cutoff^2) *      upper_cutoff",0.00879617721729895,0.00874105582932738,1.01317945082312,159.578296936804,1.89649269586923e-169,6,-128761.011414428,257536.022828856,257601.869324967,92296.5725599593,89911
"25","6_7",FALSE,"selfcontrol_z_between_grade6_7","selfcontrol_z ~ 1 + distance_cutoff + I(distance_cutoff^2) +      upper_cutoff + distance_cutoff * upper_cutoff + I(distance_cutoff^2) *      upper_cutoff",0.000621844627857527,0.000566787324073115,1.02477150589467,11.2944983701545,6.54658257153402e-11,6,-131006.501753482,262027.003506963,262092.915633035,95310.1162690107,90758
"26","5_6",FALSE,"selfcontrol_z_between_grade5_6","selfcontrol_z ~ 1 + distance_cutoff + I(distance_cutoff^2) +      upper_cutoff + distance_cutoff * upper_cutoff + I(distance_cutoff^2) *      upper_cutoff",0.00314352496880623,0.00308946433435486,1.03886103332955,58.1481331231614,1.2255165584886e-60,6,-134344.081562922,268702.163125844,268768.185437392,99503.0546693111,92198
"27","4_5",FALSE,"selfcontrol_z_between_grade4_5","selfcontrol_z ~ 1 + distance_cutoff + I(distance_cutoff^2) +      upper_cutoff + distance_cutoff * upper_cutoff + I(distance_cutoff^2) *      upper_cutoff",0.000990451455337252,0.00093460904521836,1.0294890330836,17.7365456331274,1.29684100576208e-17,6,-129527.940802014,259069.881604028,259135.692040919,94802.3141657959,89449
"28","8_9",FALSE,"selfefficacy_z_between_grade8_9","selfefficacy_z ~ 1 + distance_cutoff + I(distance_cutoff^2) +      upper_cutoff + distance_cutoff * upper_cutoff + I(distance_cutoff^2) *      upper_cutoff",0.00841972722337753,0.00836524778418335,1.06619248838317,154.548713200567,4.59553062847441e-164,6,-134969.262873715,269952.52574743,270018.456897031,103451.428260018,91005
"29","7_8",FALSE,"selfefficacy_z_between_grade7_8","selfefficacy_z ~ 1 + distance_cutoff + I(distance_cutoff^2) +      upper_cutoff + distance_cutoff * upper_cutoff + I(distance_cutoff^2) *      upper_cutoff",0.00662451614129605,0.00656801656878669,1.04750207615858,117.248960427167,4.96586112595974e-124,6,-128824.436905655,257662.87381131,257728.562770955,96460.1793070144,87910
"30","6_7",FALSE,"selfefficacy_z_between_grade6_7","selfefficacy_z ~ 1 + distance_cutoff + I(distance_cutoff^2) +      upper_cutoff + distance_cutoff * upper_cutoff + I(distance_cutoff^2) *      upper_cutoff",0.0108628358313197,0.0108062218312185,1.0777039290965,191.875433848444,5.03018476421532e-204,6,-130498.83746559,261011.674931181,261077.319801223,101461.57859638,87358
"31","5_6",FALSE,"selfefficacy_z_between_grade5_6","selfefficacy_z ~ 1 + distance_cutoff + I(distance_cutoff^2) +      upper_cutoff + distance_cutoff * upper_cutoff + I(distance_cutoff^2) *      upper_cutoff",0.0220884614400352,0.0220335114760785,1.05346809331463,401.97408423087,0,6,-130900.679441703,261815.358883406,261881.132681063,98751.7807928187,88982
"32","4_5",FALSE,"selfefficacy_z_between_grade4_5","selfefficacy_z ~ 1 + distance_cutoff + I(distance_cutoff^2) +      upper_cutoff + distance_cutoff * upper_cutoff + I(distance_cutoff^2) *      upper_cutoff",0.00197488985060389,0.00192956010040402,0.999034754099974,43.5671902425751,1.25229150027926e-19,3,-62441.7690740996,124891.538148199,124926.309290074,43949.0337505388,44034
"33","8_9",FALSE,"dilligence_z_between_grade8_9","dilligence_z ~ 1 + distance_cutoff + I(distance_cutoff^2) + upper_cutoff +      distance_cutoff * upper_cutoff + I(distance_cutoff^2) * upper_cutoff",0.0100813430783286,0.0100257958280358,0.953772324402128,181.491307403175,6.32928001774508e-193,6,-122223.753695729,244461.507391458,244527.29093645,81058.0928193543,89106
"34","7_8",FALSE,"dilligence_z_between_grade7_8","dilligence_z ~ 1 + distance_cutoff + I(distance_cutoff^2) + upper_cutoff +      distance_cutoff * upper_cutoff + I(distance_cutoff^2) * upper_cutoff",0.0140229829871025,0.0139661563057767,0.956995134759079,246.767586280197,1.03865492855887e-262,6,-119289.025217876,238592.050435752,238657.646661824,79451.8404489474,86753
"35","6_7",FALSE,"dilligence_z_between_grade6_7","dilligence_z ~ 1 + distance_cutoff + I(distance_cutoff^2) + upper_cutoff +      distance_cutoff * upper_cutoff + I(distance_cutoff^2) * upper_cutoff",0.00549726770103716,0.00544127155615715,0.979046203083777,98.1722529794018,1.46109796911551e-103,6,-124128.057807574,248270.115615147,248335.87516043,85118.5528696888,88801
"36","5_6",FALSE,"dilligence_z_between_grade5_6","dilligence_z ~ 1 + distance_cutoff + I(distance_cutoff^2) + upper_cutoff +      distance_cutoff * upper_cutoff + I(distance_cutoff^2) * upper_cutoff",0.000861885256206859,0.00081749490101124,0.999591168978092,19.4160477519952,3.72694063678825e-09,3,-63859.2848492581,127726.569698516,127761.429058124,44979.1996495361,45016
"37","8_9",FALSE,"hoursprep_between_grade8_9","hoursprep ~ 1 + distance_cutoff + I(distance_cutoff^2) + upper_cutoff +      distance_cutoff * upper_cutoff + I(distance_cutoff^2) * upper_cutoff",0.0204561778885569,0.0204380997876026,3.83779599204472,1131.54462076477,0,6,-748792.241967739,1497598.48393548,1497672.05114248,3990293.46450016,270920
"38","7_8",FALSE,"hoursprep_between_grade7_8","hoursprep ~ 1 + distance_cutoff + I(distance_cutoff^2) + upper_cutoff +      distance_cutoff * upper_cutoff + I(distance_cutoff^2) * upper_cutoff",0.00310157199049834,0.00308278399741846,3.57786791775676,165.082666218298,6.94070165100499e-176,6,-714658.645955607,1429331.29191121,1429404.71243807,3396167.73571071,265302
"39","6_7",FALSE,"hoursprep_between_grade6_7","hoursprep ~ 1 + distance_cutoff + I(distance_cutoff^2) + upper_cutoff +      distance_cutoff * upper_cutoff + I(distance_cutoff^2) * upper_cutoff",0.0003049553192432,0.000286283879111227,3.74894529266484,16.3327154781906,3.78622762171416e-16,6,-733641.206407463,1467296.41281493,1467369.89651046,3762512.34127498,267707
"40","5_6",FALSE,"hoursprep_between_grade5_6","hoursprep ~ 1 + distance_cutoff + I(distance_cutoff^2) + upper_cutoff +      distance_cutoff * upper_cutoff + I(distance_cutoff^2) * upper_cutoff",0.000564619060348302,0.000546069777108804,4.01191738050271,30.4388613328503,4.64883959622217e-31,6,-756545.033226721,1513104.06645344,1513177.59427714,4336122.59971373,269400
"41","4_5",FALSE,"hoursprep_between_grade4_5","hoursprep ~ 1 + distance_cutoff + I(distance_cutoff^2) + upper_cutoff +      distance_cutoff * upper_cutoff + I(distance_cutoff^2) * upper_cutoff",0.00100084672217919,0.000981954407456853,4.14852674456739,52.9763947344475,3.75028252868852e-55,6,-751337.471016529,1502688.94203306,1502762.33853529,4550276.01344429,264393
"42","8_9",FALSE,"hourshome_between_grade8_9","hourshome ~ 1 + distance_cutoff + I(distance_cutoff^2) + upper_cutoff +      distance_cutoff * upper_cutoff + I(distance_cutoff^2) * upper_cutoff",0.000215069089093195,0.00019656394298373,5.28400683707674,11.6221232635373,2.99286208685282e-11,6,-833016.225808089,1666046.45161618,1666119.99856327,7542421.76842474,270137
"43","7_8",FALSE,"hourshome_between_grade7_8","hourshome ~ 1 + distance_cutoff + I(distance_cutoff^2) + upper_cutoff +      distance_cutoff * upper_cutoff + I(distance_cutoff^2) * upper_cutoff",0.000218617594197132,0.000199718206625676,5.21296166220405,11.5674433031731,3.40800606794407e-11,6,-812056.418674911,1624126.83734982,1624200.23671079,7187806.55259992,264501
"44","6_7",FALSE,"hourshome_between_grade6_7","hourshome ~ 1 + distance_cutoff + I(distance_cutoff^2) + upper_cutoff +      distance_cutoff * upper_cutoff + I(distance_cutoff^2) * upper_cutoff",0.000625986745569346,0.000607277762379566,5.31421745882424,33.4591537775113,2.82466418484433e-34,6,-825124.627674329,1650263.25534866,1650336.72273537,7542694.4585173,267084
"45","5_6",FALSE,"hourshome_between_grade5_6","hourshome ~ 1 + distance_cutoff + I(distance_cutoff^2) + upper_cutoff +      distance_cutoff * upper_cutoff + I(distance_cutoff^2) * upper_cutoff",0.00239652573678291,0.00237794617656972,5.62065165836333,128.987215482146,5.77313674130887e-137,6,-844451.399546065,1688916.79909213,1688990.30265761,8481367.2446598,268468
"46","4_5",FALSE,"hourshome_between_grade4_5","hourshome ~ 1 + distance_cutoff + I(distance_cutoff^2) + upper_cutoff +      distance_cutoff * upper_cutoff + I(distance_cutoff^2) * upper_cutoff",0.00160966738739104,0.00159057259466233,5.96026799228555,84.2987619850926,8.15708197839026e-89,6,-837652.055867684,1675318.11173537,1675391.4293489,9287247.03655655,261430
"47","8_9",FALSE,"studytime_between_grade8_9","studytime ~ 1 + distance_cutoff + I(distance_cutoff^2) + upper_cutoff +      distance_cutoff * upper_cutoff + I(distance_cutoff^2) * upper_cutoff",0.00621311422069311,0.00619472009316191,6.39494961868711,337.777054668862,0,6,-884565.960192297,1769145.92038459,1769219.46733169,11047355.4360432,270137
"48","7_8",FALSE,"studytime_between_grade7_8","studytime ~ 1 + distance_cutoff + I(distance_cutoff^2) + upper_cutoff +      distance_cutoff * upper_cutoff + I(distance_cutoff^2) * upper_cutoff",0.000731221646073275,0.000712331948522826,5.98810714912901,38.7100769678055,7.0419235763309e-40,6,-848724.285814631,1697462.57162926,1697535.97099023,9484325.35961673,264501
"49","6_7",FALSE,"studytime_between_grade6_7","studytime ~ 1 + distance_cutoff + I(distance_cutoff^2) + upper_cutoff +      distance_cutoff * upper_cutoff + I(distance_cutoff^2) * upper_cutoff",0.000779963003475199,0.000761256902829022,6.15843487889934,41.6956488275254,4.53237424244158e-43,6,-864503.548972067,1729021.09794413,1729094.56533085,10129513.2929842,267084
"50","5_6",FALSE,"studytime_between_grade5_6","studytime ~ 1 + distance_cutoff + I(distance_cutoff^2) + upper_cutoff +      distance_cutoff * upper_cutoff + I(distance_cutoff^2) * upper_cutoff",0.000966898595622406,0.000948292409756579,6.48584883669786,51.9665127821397,4.53524957826185e-54,6,-882890.188898798,1765794.3777976,1765867.88136307,11293438.0135507,268468
"51","4_5",FALSE,"studytime_between_grade4_5","studytime ~ 1 + distance_cutoff + I(distance_cutoff^2) + upper_cutoff +      distance_cutoff * upper_cutoff + I(distance_cutoff^2) * upper_cutoff",0.000536203988391487,0.000517088665054288,6.59589109464058,28.0510027966152,1.60800145750728e-28,6,-864143.744444924,1728301.48888985,1728374.80650338,11373715.8908586,261430
"52","8_9",FALSE,"cram_between_grade8_9","cram ~ 1 + distance_cutoff + I(distance_cutoff^2) + upper_cutoff +      distance_cutoff * upper_cutoff + I(distance_cutoff^2) * upper_cutoff",0.0115786097835529,0.0115603678414627,0.474416044115878,634.724621221164,0,6,-182402.784769553,364819.569539106,364893.136746105,60976.1223232123,270920
"53","7_8",FALSE,"cram_between_grade7_8","cram ~ 1 + distance_cutoff + I(distance_cutoff^2) + upper_cutoff +      distance_cutoff * upper_cutoff + I(distance_cutoff^2) * upper_cutoff",0.00336931278695098,0.00335052983983375,0.494092465877458,179.381476503258,2.63457436829668e-191,6,-189401.954915946,378817.909831893,378891.330358752,64767.4781459505,265302
"54","6_7",FALSE,"cram_between_grade6_7","cram ~ 1 + distance_cutoff + I(distance_cutoff^2) + upper_cutoff +      distance_cutoff * upper_cutoff + I(distance_cutoff^2) * upper_cutoff",0.000323105308104638,0.000304434206962467,0.498052999898105,17.3051019136392,3.62709939243905e-17,6,-193256.270897958,386526.541795915,386600.025491447,66406.5392699333,267707
"55","5_6",FALSE,"cram_between_grade5_6","cram ~ 1 + distance_cutoff + I(distance_cutoff^2) + upper_cutoff +      distance_cutoff * upper_cutoff + I(distance_cutoff^2) * upper_cutoff",0.000370862773001064,0.000352309893690839,0.498099120833584,19.9894995705389,5.46904914099137e-20,6,-194503.376751395,389020.753502789,389094.28132649,66838.8765867961,269400
"56","4_5",FALSE,"cram_between_grade4_5","cram ~ 1 + distance_cutoff + I(distance_cutoff^2) + upper_cutoff +      distance_cutoff * upper_cutoff + I(distance_cutoff^2) * upper_cutoff",0.00167471324332549,0.00165583367225597,0.496068619476157,88.7050472258502,1.47046463336243e-93,6,-189808.385588793,379630.771177587,379704.16767982,65062.9069020159,264393
"57","8_9",FALSE,"teacherrelation_z_between_grade8_9","teacherrelation_z ~ 1 + distance_cutoff + I(distance_cutoff^2) +      upper_cutoff + distance_cutoff * upper_cutoff + I(distance_cutoff^2) *      upper_cutoff",0.000309174644031992,0.0002907886462582,0.999845400727418,16.8157664237633,1.18138457614171e-16,6,-385718.94726786,771451.89453572,771525.486039254,271777.947162871,271862
"58","7_8",FALSE,"teacherrelation_z_between_grade7_8","teacherrelation_z ~ 1 + distance_cutoff + I(distance_cutoff^2) +      upper_cutoff + distance_cutoff * upper_cutoff + I(distance_cutoff^2) *      upper_cutoff",0.000212892271268597,0.000194157457050204,0.999893548198146,11.3634578270492,5.53000610357029e-11,6,-378586.800399172,757187.600798343,757261.061420024,266769.194806705,266826
"59","6_7",FALSE,"teacherrelation_z_between_grade6_7","teacherrelation_z ~ 1 + distance_cutoff + I(distance_cutoff^2) +      upper_cutoff + distance_cutoff * upper_cutoff + I(distance_cutoff^2) *      upper_cutoff",0.000124077687503593,0.000105594052683511,0.999937959231467,6.71284023473725,2.90969660912609e-06,6,-383777.550873266,767569.101746531,767642.657472352,270442.439963258,270476
"60","5_6",FALSE,"teacherrelation_z_between_grade5_6","teacherrelation_z ~ 1 + distance_cutoff + I(distance_cutoff^2) +      upper_cutoff + distance_cutoff * upper_cutoff + I(distance_cutoff^2) *      upper_cutoff",1.9332636186986e-05,1.07555198447518e-06,0.999990333635085,1.05891148731137,0.381001861824382,6,-388594.791929146,777203.583858292,777277.226643354,273855.705544865,273861
"61","4_5",FALSE,"teacherrelation_z_between_grade4_5","teacherrelation_z ~ 1 + distance_cutoff + I(distance_cutoff^2) +      upper_cutoff + distance_cutoff * upper_cutoff + I(distance_cutoff^2) *      upper_cutoff",5.43990586343642e-05,3.59352293797244e-05,0.999972800100661,2.94625009169275,0.0115760747959944,6,-384225.418723676,768464.837447353,768538.401165445,270770.269550851,270785
"62","8_9",FALSE,"zfriendrelation_z_between_grade8_9","zfriendrelation_z ~ 1 + distance_cutoff + I(distance_cutoff^2) +      upper_cutoff + distance_cutoff * upper_cutoff + I(distance_cutoff^2) *      upper_cutoff",0.000912152565683223,0.000893788735618628,0.999543819667075,49.6711504338175,1.30892332919276e-51,6,-385869.563069714,771753.126139429,771826.721864327,271777.870786257,272026
"63","7_8",FALSE,"zfriendrelation_z_between_grade7_8","zfriendrelation_z ~ 1 + distance_cutoff + I(distance_cutoff^2) +      upper_cutoff + distance_cutoff * upper_cutoff + I(distance_cutoff^2) *      upper_cutoff",0.00113200927155126,0.00111330731066139,0.999433835092967,60.5289080768382,2.94149534101875e-63,6,-378780.389964597,757574.779929194,757648.246398555,266746.698056091,267049
"64","6_7",FALSE,"zfriendrelation_z_between_grade6_7","zfriendrelation_z ~ 1 + distance_cutoff + I(distance_cutoff^2) +      upper_cutoff + distance_cutoff * upper_cutoff + I(distance_cutoff^2) *      upper_cutoff",0.00145226416341124,0.00143382301278594,0.999273604093045,78.7512771251506,7.56881653447449e-83,6,-383970.773615382,767955.547230765,768029.109759647,270345.815452801,270739
"65","5_6",FALSE,"zfriendrelation_z_between_grade5_6","zfriendrelation_z ~ 1 + distance_cutoff + I(distance_cutoff^2) +      upper_cutoff + distance_cutoff * upper_cutoff + I(distance_cutoff^2) *      upper_cutoff",0.00140716454116983,0.00138895035356468,0.999296170041284,77.256508589097,3.06541578897844e-81,6,-388779.029471766,777572.058943533,777645.708473146,273739.261020247,274125
"66","4_5",FALSE,"zfriendrelation_z_between_grade4_5","zfriendrelation_z ~ 1 + distance_cutoff + I(distance_cutoff^2) +      upper_cutoff + distance_cutoff * upper_cutoff + I(distance_cutoff^2) *      upper_cutoff",0.0013877959672319,0.00136937906719337,0.999305861102003,75.3544822594208,3.41350198246897e-79,6,-384509.936560121,769033.873120243,769107.445312068,270736.750471949,271113
"67","grade9",FALSE,"gakuryoku_within_gradegrade9","gakuryoku ~ 1 + distance_cutoff + upper_cutoff + distance_cutoff *      upper_cutoff",0.00269967657561743,0.00267792726097427,1.20853411808679,124.126972269993,2.72753494922186e-80,4,-221253.428486957,442516.856973913,442566.016305664,200918.288201743,137563
"68","grade4",FALSE,"gakuryoku_within_gradegrade4","gakuryoku ~ 1 + distance_cutoff + upper_cutoff + distance_cutoff *      upper_cutoff",0.0153622613503994,0.0153404337065393,1.33279190667539,703.79842409163,0,4,-230905.12056458,461820.241129161,461869.318597595,240389.539951101,135329
"69","grade8",FALSE,"gakuryoku_within_gradegrade8","gakuryoku ~ 1 + distance_cutoff + upper_cutoff + distance_cutoff *      upper_cutoff",0.0045039276829772,0.00448175496138326,1.04085635138512,203.129221817219,1.84379848779859e-131,4,-196517.082859047,393044.165718095,393093.219596427,145922.880830711,134692
"70","grade5",FALSE,"gakuryoku_within_gradegrade5","gakuryoku ~ 1 + distance_cutoff + upper_cutoff + distance_cutoff *      upper_cutoff",0.0112313986888409,0.0112095901824598,1.21612965592653,515.000820898386,0,4,-219617.515505883,439245.031011766,439294.133797829,201163.765784703,136016
"71","grade6",FALSE,"gakuryoku_within_gradegrade6","gakuryoku ~ 1 + distance_cutoff + upper_cutoff + distance_cutoff *      upper_cutoff",0.00793504038245256,0.00791351135069751,1.18310915468719,368.57395505415,1.87553154352812e-238,4,-219404.480544986,438818.961089973,438868.145003735,193502.462615369,138241
"72","grade7",FALSE,"gakuryoku_within_gradegrade7","gakuryoku ~ 1 + distance_cutoff + upper_cutoff + distance_cutoff *      upper_cutoff",0.00639402738764124,0.0063715459190703,1.09210892967412,284.413243175389,4.80335877825671e-184,4,-199823.676025852,399657.352051705,399706.327287239,158140.346813583,132590
"73","grade9",FALSE,"kokugo_level_within_gradegrade9","kokugo_level ~ 1 + distance_cutoff + upper_cutoff + distance_cutoff *      upper_cutoff",0.0030770198884264,0.00305528196338956,1.31607768183395,141.550763617998,1.4003954016521e-91,4,-233014.571736422,466039.143472845,466088.303531461,238302.074904008,137583
"74","grade4",FALSE,"kokugo_level_within_gradegrade4","kokugo_level ~ 1 + distance_cutoff + upper_cutoff + distance_cutoff *      upper_cutoff",0.0130076658575482,0.0129857863399032,1.72595806170725,594.513374039974,0,4,-265893.493174057,531796.986348114,531846.063890439,403141.742391637,135331
"75","grade8",FALSE,"kokugo_level_within_gradegrade8","kokugo_level ~ 1 + distance_cutoff + upper_cutoff + distance_cutoff *      upper_cutoff",0.00438596247298129,0.00436378909941715,1.14967198684744,197.803120048395,5.1782779103849e-128,4,-209928.99554905,419867.991098099,419917.045421859,178044.429720642,134704
"76","grade5",FALSE,"kokugo_level_within_gradegrade5","kokugo_level ~ 1 + distance_cutoff + upper_cutoff + distance_cutoff *      upper_cutoff",0.0103025411950107,0.0102807136458364,1.51774877233591,471.997158856825,3.85710387585183e-305,4,-249769.919918062,499549.839836124,499598.94295301,313341.930719492,136025
"77","grade6",FALSE,"kokugo_level_within_gradegrade6","kokugo_level ~ 1 + distance_cutoff + upper_cutoff + distance_cutoff *      upper_cutoff",0.00717460666893885,0.00715306206992428,1.37542921181106,333.011845057985,1.7493748744615e-215,4,-240237.36678061,480484.733561221,480533.917691984,261536.437267668,138247
"78","grade7",FALSE,"kokugo_level_within_gradegrade7","kokugo_level ~ 1 + distance_cutoff + upper_cutoff + distance_cutoff *      upper_cutoff",0.00559162118015718,0.00556912240466445,1.21870984089145,248.53002253221,7.7308259399038e-161,4,-214374.956923997,428759.913847993,428808.88927207,196937.211207097,132595
"79","grade9",FALSE,"math_level_within_gradegrade9","math_level ~ 1 + distance_cutoff + upper_cutoff + distance_cutoff *      upper_cutoff",0.00159025933151715,0.00156849294277528,1.32063301118912,73.0603202197973,3.29070769565514e-47,4,-233532.404496235,467074.80899247,467123.96995952,239998.197885762,137608
"80","grade4",FALSE,"math_level_within_gradegrade4","math_level ~ 1 + distance_cutoff + upper_cutoff + distance_cutoff *      upper_cutoff",0.0123477170161536,0.0123258243247915,1.20735563943941,564.010920900712,0,4,-217546.031333033,435102.062666066,435151.140540889,197286.15200926,135340
"81","grade8",FALSE,"math_level_within_gradegrade8","math_level ~ 1 + distance_cutoff + upper_cutoff + distance_cutoff *      upper_cutoff",0.00315372714059907,0.00313153027863589,1.13170221423094,142.079864524427,6.40398197784345e-92,4,-207843.857971257,415697.715942513,415746.771157009,172552.872755592,134728
"82","grade5",FALSE,"math_level_within_gradegrade5","math_level ~ 1 + distance_cutoff + upper_cutoff + distance_cutoff *      upper_cutoff",0.00816054149235404,0.00813866895304161,1.14997758216366,373.095294322706,2.34205812842424e-241,4,-212045.636753003,424101.273506006,424150.377137462,179904.56325828,136039
"83","grade6",FALSE,"math_level_within_gradegrade6","math_level ~ 1 + distance_cutoff + upper_cutoff + distance_cutoff *      upper_cutoff",0.00577048243849901,0.00574890846195797,1.24331015705697,267.474214944167,4.1045875941642e-173,4,-226287.058243453,452584.116486905,452633.300870825,213715.818553709,138254
"84","grade7",FALSE,"math_level_within_gradegrade7","math_level ~ 1 + distance_cutoff + upper_cutoff + distance_cutoff *      upper_cutoff",0.00491416444738472,0.00489165136296865,1.19329748276368,218.280372274212,2.90150933140242e-141,4,-211590.361946101,423190.723892202,423239.699542519,188818.371761162,132601
"85","grade9",FALSE,"eng_level_within_gradegrade9","eng_level ~ 1 + distance_cutoff + upper_cutoff + distance_cutoff *      upper_cutoff",0.00118759694379874,0.0011658258900682,1.28706301043349,54.5493552351619,3.13800173762143e-35,4,-230032.584786065,460075.169572129,460124.331483775,227995.014193431,137634
"86","grade8",FALSE,"eng_level_within_gradegrade8","eng_level ~ 1 + distance_cutoff + upper_cutoff + distance_cutoff *      upper_cutoff",0.00214358233912589,0.00212135886041365,1.1307474307525,96.4557514544162,2.32160270685012e-62,4,-207691.595181023,415393.190362046,415442.244648688,172229.875384317,134703
"87","grade9",FALSE,"strategy_z_within_gradegrade9","strategy_z ~ 1 + distance_cutoff + upper_cutoff + distance_cutoff *      upper_cutoff",0.00120714333355145,0.00118433758739689,0.998307633148345,52.9315430143923,3.49794306854886e-34,4,-186211.202641439,372432.405282879,372481.334947326,130942.66629916,131387
"88","grade4",FALSE,"strategy_z_within_gradegrade4","strategy_z ~ 1 + distance_cutoff + upper_cutoff + distance_cutoff *      upper_cutoff",0.00168972434598634,0.00166463066498967,0.976641882487774,67.3366472700927,1.68879155287171e-43,4,-166533.028954672,333076.057909344,333124.507155074,113839.534907202,119350
"89","grade8",FALSE,"strategy_z_within_gradegrade8","strategy_z ~ 1 + distance_cutoff + upper_cutoff + distance_cutoff *      upper_cutoff",0.000799799923615635,0.000776392872452014,1.02549389604556,34.1691876529791,4.58133979489723e-22,4,-184942.648226112,369895.296452224,369944.098035483,134676.934360592,128064
"90","grade5",FALSE,"strategy_z_within_gradegrade5","strategy_z ~ 1 + distance_cutoff + upper_cutoff + distance_cutoff *      upper_cutoff",0.00176734712416515,0.00174343945969968,0.982280859981879,73.923871849003,9.16099239815839e-48,4,-175501.84723505,351013.6944701,351062.385403961,120861.293540381,125261
"91","grade6",FALSE,"strategy_z_within_gradegrade6","strategy_z ~ 1 + distance_cutoff + upper_cutoff + distance_cutoff *      upper_cutoff",0.00120822528415463,0.00118512809444271,0.998510883308111,52.3104888179151,8.82340649736341e-34,4,-183887.821139243,367785.642278485,367834.508447341,129342.92443133,129729
"92","grade7",FALSE,"strategy_z_within_gradegrade7","strategy_z ~ 1 + distance_cutoff + upper_cutoff + distance_cutoff *      upper_cutoff",0.00122380844917948,0.00119988623913536,0.94283771905225,51.1578339511235,4.91529283993302e-33,4,-170357.218863623,340724.437727246,340773.128341774,111342.773128466,125253
"93","grade9",FALSE,"selfcontrol_z_within_gradegrade9","selfcontrol_z ~ 1 + distance_cutoff + upper_cutoff + distance_cutoff *      upper_cutoff",0.000773137980533837,0.000705645453548454,1.01979006510179,11.4551642243386,1.66909415240078e-07,4,-63896.3003240989,127802.600648198,127846.107761122,46190.3464701395,44415
"94","grade4",FALSE,"selfcontrol_z_within_gradegrade4","selfcontrol_z ~ 1 + distance_cutoff + upper_cutoff + distance_cutoff *      upper_cutoff",0.000986178317211484,0.000916880958543032,1.02986212163467,14.2311097589006,2.88791240661654e-09,4,-62644.0648157004,125298.129631401,125341.503740771,45870.5809332528,43249
"95","grade8",FALSE,"selfcontrol_z_within_gradegrade8","selfcontrol_z ~ 1 + distance_cutoff + upper_cutoff + distance_cutoff *      upper_cutoff",0.000750879400647074,0.000684485580758398,1.02626583203584,11.3094773264285,2.06368779757259e-07,4,-65240.8944269506,130491.788853901,130535.378135375,47554.0065654479,45151
"96","grade5",FALSE,"selfcontrol_z_within_gradegrade5","selfcontrol_z ~ 1 + distance_cutoff + upper_cutoff + distance_cutoff *      upper_cutoff",0.000916276616044672,0.000851398241003443,1.02912666859028,14.1229896011307,3.38137270099966e-09,4,-66882.2827633791,133774.565526758,133818.269418589,48928.3803367722,46198
"97","grade6",FALSE,"selfcontrol_z_within_gradegrade6","selfcontrol_z ~ 1 + distance_cutoff + upper_cutoff + distance_cutoff *      upper_cutoff",0.000684749135793546,0.000619573568321208,1.04853171185084,10.5062243774734,6.64368103949616e-07,4,-67452.0826292799,134914.16525856,134957.847459324,50571.0636973138,45998
"98","grade7",FALSE,"selfcontrol_z_within_gradegrade7","selfcontrol_z ~ 1 + distance_cutoff + upper_cutoff + distance_cutoff *      upper_cutoff",0.000656017268609637,0.000589034115917486,0.999705439559115,9.79376518189407,1.87049699179022e-06,4,-63499.3394771978,127008.678954396,127052.224528617,44731.6360110398,44758
"99","grade9",FALSE,"selfefficacy_z_within_gradegrade9","selfefficacy_z ~ 1 + distance_cutoff + upper_cutoff + distance_cutoff *      upper_cutoff",0.00193447942561724,0.00186867869245699,1.08579620232338,29.3990557963329,5.5700822192856e-19,4,-68316.9794824482,136643.958964896,136687.587181965,53647.0951941562,45504
"100","grade8",FALSE,"selfefficacy_z_within_gradegrade8","selfefficacy_z ~ 1 + distance_cutoff + upper_cutoff + distance_cutoff *      upper_cutoff",0.0016071565206505,0.00154132697427711,1.04621525968117,24.413908483239,8.87847172257128e-16,4,-66619.7462896463,133249.492579293,133293.120246977,49801.6752499635,45499
"101","grade5",FALSE,"selfefficacy_z_within_gradegrade5","selfefficacy_z ~ 1 + distance_cutoff + upper_cutoff + distance_cutoff *      upper_cutoff",0.00201942913387454,0.00195143599889391,0.999023805522724,29.7004857100991,3.56992428857585e-19,4,-62440.7864233806,124891.572846761,124935.036774104,43947.0724186607,44033
"102","grade6",FALSE,"selfefficacy_z_within_gradegrade6","selfefficacy_z ~ 1 + distance_cutoff + upper_cutoff + distance_cutoff *      upper_cutoff",0.00148104615629634,0.00141439973136182,1.10415905942192,22.2224396545177,2.25973035170499e-14,4,-68234.6313872689,136479.262774538,136522.829415971,54797.9094195466,44947
"103","grade7",FALSE,"selfefficacy_z_within_gradegrade7","selfefficacy_z ~ 1 + distance_cutoff + upper_cutoff + distance_cutoff *      upper_cutoff",0.00132073401581085,0.00125008774266233,1.04889671799898,18.695027450855,4.10162032440812e-12,4,-62204.1884800243,124418.376960049,124461.653011039,46657.7170401558,42409
"104","grade9",FALSE,"dilligence_z_within_gradegrade9","dilligence_z ~ 1 + distance_cutoff + upper_cutoff + distance_cutoff *      upper_cutoff",0.000679458293112447,0.000614478740364688,0.951226189151777,10.4564938412336,7.14178941187683e-07,4,-63162.0358375349,126334.07167507,126377.768961093,41746.1999777189,46137
"105","grade8",FALSE,"dilligence_z_within_gradegrade8","dilligence_z ~ 1 + distance_cutoff + upper_cutoff + distance_cutoff *      upper_cutoff",0.000594418167819923,0.00052463864526775,0.956500098258502,8.5185187011851,1.18572731076083e-05,4,-59060.0987173679,118130.197434736,118173.538838478,39310.1833821936,42967
"106","grade6",FALSE,"dilligence_z_within_gradegrade6","dilligence_z ~ 1 + distance_cutoff + upper_cutoff + distance_cutoff *      upper_cutoff",0.000863413540190177,0.000796826630062863,0.999601507286747,12.9667158085545,1.83689993530105e-08,4,-63859.2504186482,127728.500837296,127772.075036806,44979.1308492477,45015
"107","grade7",FALSE,"dilligence_z_within_gradegrade7","dilligence_z ~ 1 + distance_cutoff + upper_cutoff + distance_cutoff *      upper_cutoff",0.000675133675914929,0.000606661754688487,0.957463610116766,9.86000777871594,1.69921660527668e-06,4,-60227.1227191469,120464.245438294,120507.681013725,40138.3937487298,43784
"108","grade9",FALSE,"hoursprep_within_gradegrade9","hoursprep ~ 1 + distance_cutoff + upper_cutoff + distance_cutoff *      upper_cutoff",0.000269095831308639,0.000247194321797206,4.04248535941875,12.2866339951239,4.93796902998543e-08,4,-385604.671958536,771219.343917073,771268.480553884,2237830.73843988,136940
"109","grade4",FALSE,"hoursprep_within_gradegrade4","hoursprep ~ 1 + distance_cutoff + upper_cutoff + distance_cutoff *      upper_cutoff",0.000324916947306169,0.000302089145811535,4.21396601875641,14.2333876252888,2.85894619940483e-09,4,-375395.695018383,750801.390036766,750850.319282599,2332910.58215994,131376
"110","grade8",FALSE,"hoursprep_within_gradegrade8","hoursprep ~ 1 + distance_cutoff + upper_cutoff + distance_cutoff *      upper_cutoff",0.000479083513276294,0.000456702504831097,3.61662779379953,21.4058054824055,7.42988966731793e-14,4,-362349.716531521,724709.433063042,724758.46036675,1752431.78432518,133978
"111","grade5",FALSE,"hoursprep_within_gradegrade5","hoursprep ~ 1 + distance_cutoff + upper_cutoff + distance_cutoff *      upper_cutoff",0.000229149992079952,0.000206601312983445,4.08287418052184,10.1624574592179,1.0916028893661e-06,4,-375875.073064029,751760.146128059,751809.13736433,2217341.63726187,133015
"112","grade6",FALSE,"hoursprep_within_gradegrade6","hoursprep ~ 1 + distance_cutoff + upper_cutoff + distance_cutoff *      upper_cutoff",0.000188902385278269,0.00016690966409727,3.94151848424911,8.58931387901504,1.06782331198456e-05,4,-380586.548717763,761183.097435526,761232.213694086,2118787.36531745,136383
"113","grade7",FALSE,"hoursprep_within_gradegrade7","hoursprep ~ 1 + distance_cutoff + upper_cutoff + distance_cutoff *      upper_cutoff",0.000283288879456923,0.000260450740124929,3.53789834087982,12.4042013816573,4.15900207244913e-08,4,-352276.238393283,704562.476786566,704611.403976869,1643721.31716629,131322
"114","grade9",FALSE,"hourshome_within_gradegrade9","hourshome ~ 1 + distance_cutoff + upper_cutoff + distance_cutoff *      upper_cutoff",6.25310768019844e-05,4.05848162633449e-05,5.27659746450979,2.84928162097669,0.0359514836693653,4,-421315.89892213,842641.79784426,842690.925308331,3805760.85840898,136689
"115","grade4",FALSE,"hourshome_within_gradegrade4","hourshome ~ 1 + distance_cutoff + upper_cutoff + distance_cutoff *      upper_cutoff",1.90616660195953e-05,-4.19532722006899e-06,6.16176534182014,0.819610076978092,0.48277989227091,4,-417593.752259089,835197.504518178,835246.342162792,4897446.71829845,128991
"116","grade8",FALSE,"hourshome_within_gradegrade8","hourshome ~ 1 + distance_cutoff + upper_cutoff + distance_cutoff *      upper_cutoff",0.000110337660366689,8.78591373160154e-05,5.29163346874171,4.90858140981954,0.00206740664564965,4,-411699.993036457,823409.986072915,823458.993483689,3736672.79168479,133446
"117","grade5",FALSE,"hourshome_within_gradegrade5","hourshome ~ 1 + distance_cutoff + upper_cutoff + distance_cutoff *      upper_cutoff",1.38231797943979e-05,-8.8287870310122e-06,5.75727578321481,0.610241922960712,0.608272839632907,4,-419756.894975636,839523.789951271,839572.759413983,4389786.52668894,132437
"118","grade6",FALSE,"hourshome_within_gradegrade6","hourshome ~ 1 + distance_cutoff + upper_cutoff + distance_cutoff *      upper_cutoff",5.64545151159887e-05,3.44016393581947e-05,5.48436302532207,2.55996160029514,0.0531166819491351,4,-424535.158298995,849080.31659799,849129.419861902,4091512.60881471,136029
"119","grade7",FALSE,"hourshome_within_gradegrade7","hourshome ~ 1 + distance_cutoff + upper_cutoff + distance_cutoff *      upper_cutoff",3.11145570388308e-05,8.22376738640607e-06,5.13159278190203,1.3592609740064,0.253191570839547,4,-400292.554451116,800595.108902233,800644.025840343,3451050.68874164,131053
"120","grade9",FALSE,"studytime_within_gradegrade9","studytime ~ 1 + distance_cutoff + upper_cutoff + distance_cutoff *      upper_cutoff",0.000246195576475288,0.000224253346937764,6.62719014467456,11.2201714075114,2.34116573248587e-07,4,-452468.156353044,904946.312706089,904995.44017016,6003332.93136756,136689
"121","grade4",FALSE,"studytime_within_gradegrade4","studytime ~ 1 + distance_cutoff + upper_cutoff + distance_cutoff *      upper_cutoff",0.000214513134062604,0.000191260686522976,6.68788184951626,9.22540019479854,4.2530586945239e-06,4,-428162.81461016,856335.629220321,856384.466864935,5769478.9587958,128991
"122","grade8",FALSE,"studytime_within_gradegrade8","studytime ~ 1 + distance_cutoff + upper_cutoff + distance_cutoff *      upper_cutoff",0.000468551689578607,0.000446081219538708,6.14803654129105,20.8518864424591,1.68325997320245e-13,4,-431718.265284591,863446.530569182,863495.537979956,5044039.05621328,133446
"123","grade5",FALSE,"studytime_within_gradegrade5","studytime ~ 1 + distance_cutoff + upper_cutoff + distance_cutoff *      upper_cutoff",4.38932258724257e-05,2.12419402020325e-05,6.50506518792574,1.93778077373801,0.121058772700162,4,-435930.156097144,871870.312194289,871919.281657,5604187.2856339,132437
"124","grade6",FALSE,"studytime_within_gradegrade6","studytime ~ 1 + distance_cutoff + upper_cutoff + distance_cutoff *      upper_cutoff",1.29078813559266e-05,-9.14595478462843e-06,6.46711634433927,0.585289619170741,0.624586193193534,4,-446957.390094789,893924.780189579,893973.88345349,5689221.64254646,136029
"125","grade7",FALSE,"studytime_within_gradegrade7","studytime ~ 1 + distance_cutoff + upper_cutoff + distance_cutoff *      upper_cutoff",0.000187956932025055,0.000165069732730116,5.82072787461456,8.2123168327699,1.84082986973439e-05,4,-416806.945254844,833623.890509687,833672.807447797,4440190.04799974,131053
"126","grade9",FALSE,"cram_within_gradegrade9","cram ~ 1 + distance_cutoff + upper_cutoff + distance_cutoff *      upper_cutoff",0.000267344631085673,0.000245443083209951,0.458447322464212,12.2066546438732,5.54996261980074e-08,4,-87509.1391824591,175028.278364918,175077.415001729,28781.2203671724,136940
"127","grade4",FALSE,"cram_within_gradegrade4","cram ~ 1 + distance_cutoff + upper_cutoff + distance_cutoff *      upper_cutoff",0.000563786766016092,0.000540964419166512,0.493976087180935,24.7032774382736,5.67930884152815e-16,4,-93760.0123554152,187530.02471083,187578.953956663,32057.3697394525,131376
"128","grade8",FALSE,"cram_within_gradegrade8","cram ~ 1 + distance_cutoff + upper_cutoff + distance_cutoff *      upper_cutoff",0.000375482977538932,0.000353099649297861,0.490196665803186,16.7751182262439,6.84195664101204e-11,4,-94587.9419120882,189185.883824176,189234.911127884,32193.9448950854,133978
"129","grade5",FALSE,"cram_within_gradegrade5","cram ~ 1 + distance_cutoff + upper_cutoff + distance_cutoff *      upper_cutoff",0.00041734016058481,0.000394795725900621,0.498123884423316,18.5118929097558,5.30706291853479e-12,4,-96041.9831194537,192093.966238907,192142.957475178,33004.6666740489,133015
"130","grade6",FALSE,"cram_within_gradegrade6","cram ~ 1 + distance_cutoff + upper_cutoff + distance_cutoff *      upper_cutoff",0.000357999307502864,0.000336010305926004,0.49807021208813,16.2808350460597,1.41507834182755e-10,4,-98459.0907620014,196928.181524003,196977.297782562,33833.067636607,136383
"131","grade7",FALSE,"cram_within_gradegrade7","cram ~ 1 + distance_cutoff + upper_cutoff + distance_cutoff *      upper_cutoff",0.000301981087259244,0.000279143374943391,0.498034983643115,13.222913183386,1.25604621953511e-08,4,-94796.1428304228,189602.285660846,189651.212851148,32572.9571942124,131322
"132","grade9",FALSE,"teacherrelation_z_within_gradegrade9","teacherrelation_z ~ 1 + distance_cutoff + upper_cutoff + distance_cutoff *      upper_cutoff",0.000423782314013986,0.00040196211119603,0.99979172385381,19.4215570566006,1.38832883936254e-12,4,-194978.352407949,389966.704815898,390015.859274921,137371.759596537,137429
"133","grade4",FALSE,"teacherrelation_z_within_gradegrade4","teacherrelation_z ~ 1 + distance_cutoff + upper_cutoff + distance_cutoff *      upper_cutoff",0.000131829229952873,0.00010961076017546,0.999937786527986,5.9333172479064,0.000483926824668992,4,-191559.07275987,383128.145519741,383177.21100335,134988.202262961,135005
"134","grade8",FALSE,"teacherrelation_z_within_gradegrade8","teacherrelation_z ~ 1 + distance_cutoff + upper_cutoff + distance_cutoff *      upper_cutoff",0.000209146718710877,0.00018683510487294,0.999899140156579,9.37389470032543,3.42928088899909e-06,4,-190739.441904735,381488.88380947,381537.927989919,134403.883988305,134431
"135","grade5",FALSE,"teacherrelation_z_within_gradegrade5","teacherrelation_z ~ 1 + distance_cutoff + upper_cutoff + distance_cutoff *      upper_cutoff",7.30483650019688e-06,-1.47898922886469e-05,1.00000003003642,0.330614445192378,0.803225612707492,4,-192664.315964542,385338.631929083,385387.725958771,135778.008156569,135778
"136","grade6",FALSE,"teacherrelation_z_within_gradegrade6","teacherrelation_z ~ 1 + distance_cutoff + upper_cutoff + distance_cutoff *      upper_cutoff",3.27139015156896e-05,1.09882342747003e-05,0.999987263912605,1.50577200473971,0.21075602659146,4,-195930.368654772,391870.737309543,391919.915433126,138077.482799031,138081
"137","grade7",FALSE,"teacherrelation_z_within_gradegrade7","teacherrelation_z ~ 1 + distance_cutoff + upper_cutoff + distance_cutoff *      upper_cutoff",0.000232838873323911,0.000210184341110198,0.999887349973254,10.277805391285,9.23096551264334e-07,4,-187846.289584771,375702.579169542,375751.546970861,132363.173530089,132393
"138","grade9",FALSE,"zfriendrelation_z_within_gradegrade9","zfriendrelation_z ~ 1 + distance_cutoff + upper_cutoff + distance_cutoff *      upper_cutoff",0.00089574128476484,0.000873948035269079,0.999555662848489,41.1017771783116,1.53922428730943e-26,4,-195094.841126211,390199.682252422,390248.840530029,137411.804222503,137534
"139","grade4",FALSE,"zfriendrelation_z_within_gradegrade4","zfriendrelation_z ~ 1 + distance_cutoff + upper_cutoff + distance_cutoff *      upper_cutoff",0.00154338304316781,0.0015212226956679,0.999231706732369,69.6461570908445,5.34930703795617e-45,4,-191694.867728437,383399.735456873,383448.806973476,134960.382457432,135168
"140","grade8",FALSE,"zfriendrelation_z_within_gradegrade8","zfriendrelation_z ~ 1 + distance_cutoff + upper_cutoff + distance_cutoff *      upper_cutoff",0.000963140338333133,0.000940855331425738,0.999522029770831,43.219207529637,6.61015587994019e-28,4,-190772.419559239,381554.839118478,381603.885492815,134361.466292744,134490
"141","grade5",FALSE,"zfriendrelation_z_within_gradegrade5","zfriendrelation_z ~ 1 + distance_cutoff + upper_cutoff + distance_cutoff *      upper_cutoff",0.00125307278595987,0.00123103236621303,0.999376942910314,56.8533993614435,1.01547993755494e-36,4,-192813.707603693,385637.415207385,385686.5153093,135773.652273205,135943
"142","grade6",FALSE,"zfriendrelation_z_within_gradegrade6","zfriendrelation_z ~ 1 + distance_cutoff + upper_cutoff + distance_cutoff *      upper_cutoff",0.00156965522002027,0.00154797848652521,0.999218479792264,72.4119812785397,8.64785219008821e-47,4,-195964.566433436,391939.132866872,391988.314573919,137964.103472118,138180
"143","grade7",FALSE,"zfriendrelation_z_within_gradegrade7","zfriendrelation_z ~ 1 + distance_cutoff + upper_cutoff + distance_cutoff *      upper_cutoff",0.00133158873040909,0.00130898709312233,0.999337753289229,58.915587110788,4.71257767667187e-38,4,-188006.093702217,376022.187404434,376071.161395413,132381.487261138,132557
